{"type":"Topology","arcs":[[[87449,35334],[12,-6],[17,-74],[20,-44],[-12,-62],[-16,-35],[-14,-8],[0,49],[9,22],[2,81],[-26,64],[8,13]],[[75702,24908],[-57,15],[-2,-23],[-31,-58],[-15,-12],[-28,18],[-2,-38],[-19,-56],[3,-22]],[[75551,24732],[-31,-27],[-46,-68],[-13,-45],[15,-38],[-38,-65],[-18,-13],[-31,-50],[-10,-78],[5,-87],[13,-13],[2,-42],[-28,-30],[-26,-52],[-4,-39],[-14,-10],[-21,-38],[-41,-129],[7,-32],[-9,-24],[4,-47],[12,-22],[9,-50],[-22,-23],[-22,-100],[-16,4],[-37,-100],[-22,-25],[10,-47],[-22,-15],[-21,-34],[-3,-46],[8,-14],[-3,-44],[-34,-81],[2,-24],[-22,-5],[-19,31],[-28,23],[-28,-24],[-9,29],[-32,-23],[27,-30],[1,-30],[24,-47],[-7,-41],[32,-45],[3,-33],[-16,-119],[-54,-15],[-12,-31],[1,-28],[-32,-67],[-8,-41],[10,-51],[5,-71],[-9,-37],[8,-25],[-13,-70],[12,-52],[2,-48],[-17,-44],[-11,-60],[0,-40],[-12,-55],[7,-42],[-16,-93],[-2,-85],[12,-22],[-2,-113],[21,-95],[-5,-33],[3,-54],[-21,-60],[9,-44],[-8,-36],[-42,-69],[-25,-67],[-4,-40],[-20,-62],[5,-67],[20,-22],[-17,-42],[3,-38],[-25,-67],[-2,-43],[10,-33],[-10,-89],[15,-29],[-15,-74],[-46,-152],[-38,-139],[-3,-47],[-14,-33],[-5,-60],[16,-22],[-12,-26],[-5,-74],[-15,-61],[-18,-15],[-19,-50],[-11,-93],[16,-34],[-21,-60],[1,-84],[-21,13],[-13,-34],[-4,-54],[20,-58],[15,18],[12,-30],[-9,-36],[-6,-79],[3,-40],[21,-47],[-7,-49],[7,-48],[-28,28],[-20,-46],[-30,-43],[-16,-4],[-7,-38],[9,-29],[22,6],[14,-27],[34,-7],[12,35],[18,-15],[53,-107],[25,-5],[9,-109],[10,-31],[3,-78],[13,-27],[2,-31],[27,-62],[-49,14],[-42,43],[-28,-29],[-18,-37],[-15,-57],[12,-38],[20,-34],[10,-61],[-19,-56],[-13,-77],[8,-42],[-2,-52],[6,-54],[24,-59],[-4,-61],[6,-20],[-1,-90]],[[74682,18022],[-256,205],[-283,227],[-332,269],[-211,171],[-300,246],[-273,224],[-386,321],[-461,386],[-13,-23],[-22,33],[-20,8],[-16,-16],[-25,-3],[-9,-27],[-16,26],[-6,48],[23,71],[16,15],[9,54],[65,115],[6,49],[26,69],[16,92],[-12,21],[9,39],[-19,29],[-35,26],[-19,5],[-19,50],[-26,-18],[-12,46],[21,74],[-16,66],[-13,24],[10,29],[-2,56],[-20,23],[-32,15],[-1,57],[-14,39],[-23,8],[-15,49],[-9,72],[-8,22],[25,97],[-9,40],[-20,24],[11,19],[-13,112],[3,36],[-10,17],[9,39],[-11,22],[19,55],[-8,40],[-18,46],[13,36],[-9,15],[9,50],[-39,28],[-18,34],[7,67],[-22,32],[16,65],[11,16],[-3,31],[-36,14],[-31,-9],[-37,12],[1,37],[-17,6],[7,47],[-6,44],[-39,-10],[-17,23],[-33,4],[-24,28],[-21,1],[-8,35],[-21,10],[-27,-13],[-28,39],[-23,-4],[-46,80],[-30,-29],[-47,-16],[-16,-16],[-5,-34],[-26,-18],[-20,-28],[-33,28],[-10,-21],[12,-31],[-20,-16],[-20,-34],[-41,49],[-15,29],[-4,40],[-20,45],[-24,-7],[-24,14],[-11,-39],[-35,14],[-38,27],[-16,-30],[-2,-58],[-11,5],[-32,-48],[-11,-33],[-10,-69],[9,-23],[-48,-81],[-16,9],[-9,34],[-52,17],[-30,3],[-22,-27],[-31,-6],[-29,33],[-31,21],[-9,-13],[-25,20],[-13,29],[-7,62],[-13,-10],[-13,-52],[-10,-11],[4,-38],[-7,-49],[-14,0],[-36,-62],[5,-24],[-16,-24],[-5,-38],[-18,-32],[-27,73],[-39,7],[-23,15],[-19,-9],[-11,-27],[-7,-61],[-48,27],[-14,67],[-30,-13],[-11,40],[-34,-37],[-17,12],[-15,-19],[-16,72],[-26,19],[-50,-2],[-13,22],[-29,17],[3,39],[-22,13],[-19,-21],[-29,-15],[-17,32],[-28,21],[-34,69],[-12,8],[-14,56],[-54,-13],[-8,30],[-20,-68],[-25,30],[-7,33],[-36,17],[-1,-39],[-17,-34],[-44,67],[-29,0],[-47,-64],[-6,-55],[-25,-13],[-2,-45],[11,-26],[-28,-38],[-28,34],[-2,26],[-21,8],[-2,-47],[-54,21],[-4,59],[-17,-2],[-5,-31],[-23,39],[-17,-42],[-65,-7],[-17,-35],[-11,15],[-6,50],[-27,-16],[-18,25],[-48,6],[-17,-17],[-53,21],[-37,53],[-63,-53],[-26,21],[-22,41],[-2,40],[-50,38],[-10,32],[-40,-12],[-13,7],[-30,-40],[-7,-40],[-71,1],[0,26],[-23,4],[-28,40],[-14,-16],[-29,63],[-19,15],[-22,35],[-17,-17],[-16,14],[-21,67],[-38,41],[-10,76],[-23,-24],[-28,23],[-9,41],[-26,49],[-8,41],[-36,36],[-15,-40],[-25,25],[-13,-11],[-32,7],[-16,-46],[-14,16],[-11,-40],[-31,22],[-13,-21],[-1,-39],[-33,-4],[-49,-45],[-39,43],[-24,-28],[-33,12],[-32,59],[-20,16],[-31,-6],[-3,-29],[-36,22],[-20,0],[-20,-22],[-48,43],[-34,11],[-16,-13],[-36,2],[-6,-21],[-31,-6],[-37,-55],[-22,4],[-36,-11],[-15,-21],[9,-51],[-14,-36],[-6,-46],[-11,-14],[-5,-44],[11,-87],[-37,-19],[-10,-59],[32,-47],[0,-22],[27,-46],[3,-39],[20,-18],[7,-46],[-6,-21],[-25,-22],[-26,-9],[-19,44],[-27,12],[-35,-2],[-20,17],[-46,-73],[2,-40],[-27,-16],[-26,-62],[-12,29],[-14,-40],[-19,20],[-36,-1],[-6,35],[-35,-13],[1,37],[-11,27],[-38,0],[-3,18],[14,46],[-55,-14],[0,60],[-22,16],[-18,-13],[4,-42],[-15,-29],[-11,34],[14,73],[-18,10],[-32,-8],[-8,52],[-29,22],[-5,30],[-33,25],[-14,-4],[-8,63],[-30,17],[-17,44],[-23,34],[-36,29],[-23,60],[-20,18],[6,50],[-13,18],[3,60],[-22,2],[-21,54],[1,47],[-15,13],[15,54],[-33,42],[0,33],[-42,31],[-1,19],[-29,46],[-21,14],[-25,-48],[-29,71],[1,22],[-26,19],[-21,30],[-2,51],[-26,3],[-13,44],[-31,-4],[-14,75],[-18,-1],[-33,59],[-6,70],[-11,32],[-60,40],[2,16],[-24,25],[2,19],[-50,6],[-5,-27],[-28,29],[14,23],[-10,33],[-25,6],[-4,32],[-17,47],[-56,11],[-10,17],[-25,7],[-37,32],[-37,66],[-21,10],[-12,51],[-21,9],[-19,34],[-36,-3],[-7,25],[12,40],[-30,36],[-53,-10],[-15,31],[-30,28],[-32,-67],[-16,-18],[-18,26],[-37,77],[-8,31],[-22,39],[-28,10],[1,57],[20,55],[11,59],[-12,38],[-15,86],[12,2],[8,61],[-22,33],[-25,-14],[-4,-26],[-20,-10],[-13,21],[-39,-21],[-29,2],[-9,46],[-26,38],[-31,1],[-10,-15],[-30,5],[-19,55],[12,79],[-24,69],[-35,51],[-11,48],[-2,95],[-24,59],[17,3],[1,91],[-25,49],[8,19],[-6,31],[1,59],[12,23],[18,-1],[1,62],[-12,23],[-14,76],[12,0],[23,59],[-4,28],[19,108],[-17,36],[6,26],[-29,25],[-22,-6],[-11,27],[-33,-44],[-14,18],[0,35],[-27,30],[24,20],[-13,23],[-19,-18],[-8,32],[-19,-1],[-45,55],[-6,44],[-33,-20],[-6,55],[-25,-26],[-20,25],[-34,-1],[-8,22],[-19,-21],[-34,37],[-11,-26],[-25,-15],[-13,26],[-24,-3],[-8,25],[6,43],[-31,10],[-19,-7],[8,-37],[-21,-25],[-6,43],[-41,49],[-13,29],[-32,-14],[-4,-41],[-35,-14],[-9,42],[-9,89],[-10,25],[-21,-12],[-6,36],[-42,8],[-24,51],[17,32],[-6,23],[18,28],[-22,34],[-17,-43],[-1,-40],[-33,-1],[9,-50],[-24,-18],[-20,9],[-46,-10],[7,-27],[-10,-81],[-11,-31],[9,-25],[20,-11],[-11,-42],[-28,20],[-5,-25],[17,-71],[-8,-29],[16,-16],[-24,-54],[-34,32],[-54,-29],[4,-48],[38,-27],[-3,-33],[-17,-26],[-23,-3],[-28,36],[-64,28],[-35,10],[-24,28],[-13,31],[19,47],[-4,27],[13,28],[-8,37],[-22,54],[22,17],[-3,24],[-29,-42],[-27,17],[1,78],[-19,67],[18,68],[-8,29],[10,23],[-7,32],[-27,12],[4,-37],[-24,-10],[-15,39],[-25,-9],[7,36],[-26,12],[-22,24],[-12,40],[22,10],[-11,34],[23,57],[-44,13],[19,31],[-29,18],[16,69],[-18,80],[-1,71],[26,33],[-3,39],[33,28],[-10,37],[17,27],[-44,31],[-24,-27],[-38,-1],[-11,21],[-30,17],[-16,23],[-12,35],[-47,-12],[-9,32],[23,30],[-6,27],[7,29],[-19,53],[11,8],[0,39],[-11,28],[11,17],[-21,28],[-1,51],[-11,23],[-30,-6],[-21,23],[-11,-25],[-14,5],[-10,32],[10,56],[-29,9],[-11,-32],[-27,1],[3,-41],[-24,-10],[-30,13],[-6,43],[-16,15],[12,33],[-1,32],[-32,14],[-25,-11],[-2,47],[-27,22],[0,-58],[-42,38],[-19,-22],[3,-44],[-11,-5],[-24,49],[-10,-7],[-25,23],[-26,9],[-25,-10],[3,-33],[-11,-15],[-45,15],[-8,-18],[-24,14],[-32,34],[-21,11],[-18,-7],[-41,33],[-22,-7],[-18,-27],[-17,55],[-22,-18],[-17,2],[-33,-46],[-26,-9],[-4,-57],[-28,-48],[-18,2],[4,-37],[-18,-19],[-10,-68],[-20,20],[-45,-34],[-4,-22],[-22,14],[-15,49],[5,34],[-22,67],[-31,-14],[-8,-17],[-21,12],[-11,-19],[-17,28],[-1,37],[-28,-14],[-12,66],[-17,-22],[-11,34],[-28,28],[-20,4],[-4,-36],[-20,-21],[-26,22],[-1,36],[-42,24],[-20,33],[-11,38],[-19,17],[-56,34],[-39,-82],[-17,22],[-21,7],[1,44],[-22,9],[-24,-11],[-18,11],[-14,32],[-13,-12],[13,-42],[-8,-22],[-42,63],[-20,-20],[-12,25],[-43,24],[-10,19],[2,47]],[[62076,28091],[0,695],[-1,608],[0,703],[0,769],[0,640],[-1,605],[0,827],[0,366],[0,692],[-1,852],[0,536],[0,463],[0,710],[0,497],[0,616],[0,594],[-1,682],[0,623],[0,424],[0,496],[0,752],[-1,773],[0,595]],[[62071,42609],[282,0],[244,0],[305,0],[294,0],[307,0],[243,0],[293,0],[280,0],[281,0],[283,0],[246,0],[314,0],[281,0],[352,-1],[444,0],[441,1],[278,0],[348,0],[462,0],[343,0],[351,0],[236,0],[232,0],[348,0],[348,0],[242,-1],[338,0],[167,0],[366,0],[278,0],[248,0],[309,0],[302,0],[343,0],[411,1],[341,0],[18,39],[2,21],[43,28],[21,29],[23,16],[41,190],[-13,3],[36,81],[0,42],[25,34],[22,5],[20,-16],[16,22],[5,30],[-4,32],[29,-12],[37,47],[2,50],[43,42],[12,2],[7,37],[20,29],[47,21],[19,59],[24,-2],[26,37],[23,8],[25,21],[35,-14],[15,56],[9,-2],[36,108],[-1,34],[17,15],[-4,27],[17,22],[6,25],[28,5],[9,27],[36,25],[17,-16],[25,18],[27,-11],[22,20],[35,-20],[19,-64],[27,18],[15,-13],[9,-37],[33,-26],[13,-34],[24,4],[18,53],[48,-14],[3,17],[25,-7],[55,20],[21,-18],[18,28],[61,-8],[21,-35],[22,0],[5,25],[24,3],[25,-13],[16,16],[11,-12],[23,12],[42,50],[6,21],[25,10],[19,-20],[27,28],[19,-17],[23,18],[6,38],[17,-18],[12,25],[25,-7],[41,29],[6,-19],[62,-37],[18,14],[12,40],[19,7],[27,34],[22,-5],[13,13],[11,-32],[27,-24],[14,-43],[28,-8],[6,-41],[12,0],[2,-48],[9,-45],[30,-37],[15,19],[19,-24],[-2,-47],[19,-1],[20,-35],[25,-13],[37,33],[39,-14],[28,-29],[24,2],[12,29],[32,15],[24,-25],[1,-18],[46,-16],[13,34],[39,32],[14,-22],[18,23],[12,-5],[36,57],[35,3],[43,-32],[16,-26],[29,-9],[7,-27],[43,-21],[19,-40],[8,7],[29,-28],[21,23],[21,-38],[16,-15],[3,-50],[27,-39],[15,-3],[23,15],[44,-32],[21,-33],[4,-42],[-11,-4],[6,-67],[23,-11],[0,-53],[-6,-11],[3,-48],[10,-25],[17,-3],[34,34],[29,-6],[17,-40],[13,0],[10,-28],[41,-15],[14,-35],[40,-20],[21,-57],[34,-15],[2,-30],[25,-36],[23,-19],[10,-30],[-1,-43],[-12,-25],[15,-87],[1,-43],[-14,-20],[16,-32],[1,-84],[-15,-34],[6,-66],[17,-43],[13,0],[24,-70],[-12,-24],[4,-42],[37,-52],[28,20],[52,-15],[20,68],[21,14],[32,53],[15,39],[7,55],[34,31],[9,45],[12,19],[-17,23],[10,44],[-3,34],[15,68],[25,51],[20,28],[10,76],[31,33],[17,-7],[16,38],[30,22],[36,3],[18,14],[22,35],[12,-6],[17,54],[13,1],[15,49],[9,-11],[19,24],[27,-139],[24,-57],[15,-9],[6,-55],[41,34],[9,-42],[18,-12],[13,21],[6,40],[-6,31],[6,56],[28,17],[13,-20],[38,1],[25,-19],[13,-23],[20,18],[34,8],[47,59],[10,-29],[12,6],[18,45],[17,94],[-29,24],[9,39],[17,25],[2,113],[8,24],[-6,69],[16,47],[-7,25],[47,68],[-13,33],[2,34],[-22,8],[-19,51],[-35,-3],[-17,44],[1,30],[-16,45],[4,29],[-11,94],[-27,27],[-14,27],[-5,68],[3,60],[25,41],[13,4],[9,-64],[16,-7],[23,8],[3,21],[24,31],[13,35],[31,29],[3,48],[14,-6],[60,29],[19,24],[9,29],[32,28],[30,-18],[26,2],[18,-32],[30,91],[30,49],[9,29],[21,-6],[36,69],[49,3],[20,19],[12,-14],[29,-8],[22,63],[23,45],[-10,61],[16,32],[31,6],[2,34],[22,46],[3,30],[29,5],[36,24],[17,-33],[21,-15],[-11,-60],[-4,-56],[18,-16],[22,-37],[25,-7],[11,-36],[31,92],[-6,46],[8,35],[20,-9],[15,-61],[16,-25],[27,7],[21,-24],[0,-24],[20,-24],[15,-3],[13,-25],[21,1],[24,-44],[15,-13],[13,33],[25,18],[22,-23],[22,10],[0,25],[31,64],[11,-7],[15,32],[40,-2],[31,-39],[55,-27],[48,8],[14,-18],[37,-9],[17,9],[23,-15],[38,-3],[12,-23],[47,-18],[32,82],[-6,37],[25,37],[36,33],[-11,39],[19,16],[-5,43],[7,28],[17,6],[15,-26],[12,10],[16,-30],[19,-5],[16,52],[28,11],[19,26],[26,2],[12,-17],[36,8],[13,-40],[36,9],[35,37],[1,20],[21,48],[13,11],[29,58],[24,18],[22,54],[25,15],[63,-52],[30,31]],[[79706,45021],[-32,-75],[-25,3],[1,-31],[-22,-7],[10,-62],[23,9],[-9,35],[6,44],[51,2],[-8,50],[10,14],[20,-90],[-4,-84],[6,-46],[20,-33],[-13,-106],[-7,-96],[7,-22],[2,-83],[-14,-88],[-20,-201],[-2,-101],[1,-82],[11,-109],[14,-85],[28,-84],[26,-44],[20,-8],[9,-22],[-17,-83],[-6,-66],[7,-58],[-9,-27],[-21,-116],[-1,-87],[14,-24],[-2,-92],[-21,-96],[-19,13],[-13,-12],[-26,17],[-22,-7],[-5,-21],[36,-1],[24,-20],[-102,-246],[-50,-141],[-17,-66],[-17,-85],[-10,-87],[3,-32],[22,-22],[-3,-89],[-41,-79],[-38,-105],[-6,-30],[-20,-52],[-32,-108],[-11,-64],[-4,-53],[5,-64],[11,-37],[16,-12],[16,-34],[-8,-51],[2,-30],[-9,-65],[7,-48],[-14,-80],[12,-47],[-12,-40],[6,-26],[-7,-42],[3,-28],[-13,-23],[-17,-77],[-10,-86],[14,-47],[-16,-46],[-10,-53],[-2,-67],[17,-21],[-40,-118],[-18,-110],[15,-65],[-21,-65],[9,-77],[-13,-17],[-22,-78],[-3,-80],[10,-26],[-4,-70],[-15,-33],[-1,-52],[-9,-12],[-29,-79],[-50,-171],[-1,-50],[11,-40],[-7,-83],[17,-29],[-17,-93],[3,-43],[-49,-123],[-18,-105],[-22,-81],[9,-54],[-8,-43],[2,-48],[-28,-51],[-20,-70],[-7,-64],[-33,-80],[-8,-63],[5,-16],[-35,-82],[-14,-42],[-13,-70],[-10,-100],[6,-40],[-17,-48],[-6,-46],[3,-46],[-7,-56],[10,-82],[-23,-83],[-12,-71],[-5,-101],[4,-28],[15,-21],[-7,-108],[6,-29],[4,-112],[10,-62],[17,-49],[19,-26],[56,-19],[8,-51],[9,-19],[-5,-36],[-39,-95],[-20,-84],[-8,-80],[1,-51],[8,-38],[29,-31],[-23,-67],[-20,-39],[-50,-117],[-19,-60],[-13,-79],[-1,-44],[-15,-62],[-5,-76],[14,-45],[-6,-41],[-1,-98],[10,-28],[-20,-41],[-29,-83],[-22,-79],[-10,-56],[-1,-46],[16,-32],[15,-75],[-2,-43],[-38,-66],[-45,-92],[-33,-87],[-17,-85],[11,-27],[-19,-71],[0,-30],[12,-30],[-40,-72],[-23,-66],[-7,-62],[16,-30],[-9,-25],[-47,-100],[-28,-75],[-17,-86],[5,-39],[15,-24],[-37,-42],[-28,-47],[-14,-6],[-77,-123],[-38,-78],[-21,-67],[-23,-44],[-16,-69],[-16,-27],[-16,-50],[-2,-35],[9,-28],[-1,-44],[-35,-72],[-19,-85],[-5,-52],[1,-55],[10,-40],[32,-13],[10,-54],[24,-16],[14,-25],[-6,-38],[-11,-13],[-22,-49],[-23,-86],[-4,-92],[30,-75],[-20,-94],[2,-20],[-15,-39],[-7,-55],[5,-55],[22,-40],[-29,-27],[-45,-23],[-53,-34],[-44,-38],[-10,-15],[-60,-54],[-40,-53],[-33,-60],[-14,-37],[-21,-91],[-6,-10],[-55,-39],[-41,-53],[-33,-84],[-7,-75],[-26,11],[-14,-10],[-22,8],[-24,52],[-25,-56],[-54,-25],[-18,20],[10,87],[-11,8],[-16,-32],[4,-41],[-51,22],[-12,-8],[-20,25],[-21,8],[-26,-49],[0,-39],[25,-5],[9,-44],[-15,-19],[-35,-17],[1,-34],[22,-13],[37,24],[34,-1],[17,18],[28,-25],[29,10],[19,22],[21,-29],[31,34],[24,-11],[24,10],[21,21],[14,-28],[19,1],[-3,-54],[-15,-14],[3,-34],[-23,-31],[-45,-4],[-16,-76],[-16,14],[-16,-9],[-26,21],[-17,-2],[-76,-33],[-79,-50],[-98,-78],[-41,-40],[-59,-71],[-24,-43],[-1,106],[14,15],[23,59],[-14,30],[-35,1],[-16,-15],[1,-33],[-7,-45],[21,-87],[-19,-54],[2,-68],[29,0],[-76,-111],[-15,-44],[6,-29],[-4,-65],[-29,-32],[-46,-68],[-15,-36],[-10,-50],[-21,-14],[-2,45],[9,13],[14,69],[-10,17],[-24,5],[-7,51],[18,21],[-16,28],[17,25],[3,29],[-38,36],[-10,-16],[14,-32],[-17,-49],[-33,2],[31,-80],[-21,-10],[11,-71],[-15,4],[-8,-59],[-17,-1],[-16,24],[-18,-8],[-18,-60],[-33,-23],[5,-33],[34,2],[13,36],[25,-25],[-5,-52],[-33,2],[-2,-27],[-23,3],[-3,-24],[14,-71],[23,9],[23,-48],[12,60],[-23,18],[6,40],[14,-13],[24,29],[10,-19],[-5,-49],[24,8],[-2,44],[15,17],[5,73],[15,24],[32,0],[-9,-130],[-17,-36],[3,-71],[-16,-38],[-2,-29],[-31,-38],[-39,-74],[-11,-37],[-1,-65],[15,-26],[-5,-25],[-77,-83],[9,48],[29,54],[4,20],[-9,41],[18,44],[17,9],[-2,27],[17,20],[16,55],[-17,35],[-26,-9],[11,-25],[-19,-75],[-26,-8],[-17,49],[-15,-9],[-2,-28],[13,-30],[3,-53],[-30,-5],[-15,-55],[-18,-7],[-7,-29],[-24,-13],[-15,-30],[20,-47],[-16,-8],[-7,-37],[19,-47],[23,-24],[23,31],[19,45],[9,-43],[-22,-51],[-8,-35],[5,-26],[-15,-43],[-11,-6],[-35,-81],[3,-28],[-14,-51],[12,-74],[-15,-1],[-21,-56],[4,-20],[-22,-32],[-26,12],[-8,-24],[-17,10],[-30,-31],[-16,7],[30,66],[-16,26],[16,46],[25,0],[6,56],[-17,-8],[-18,-44],[-18,20],[25,36],[-10,26],[9,62],[-20,-6],[-19,11],[-4,-43],[-22,-24],[32,-75],[-7,-42],[21,-22],[-22,-47],[-16,-5],[-15,-45],[2,-37],[-11,-7],[-35,17],[-27,-56],[-17,43],[13,50],[-20,43],[-43,6],[0,22],[-22,10],[-45,45],[-13,22],[18,60],[-29,34],[-6,-38],[9,-45],[-7,-24],[18,-23],[-1,-59],[-20,-12],[11,-46],[41,63],[13,-49],[17,-18],[27,-3],[18,-22],[0,-34],[22,-48],[-19,-46],[-18,7],[-10,-47],[15,-2],[24,24],[12,34],[16,-4],[52,51],[18,-19],[-26,-76],[18,3],[-3,-47],[-28,-10],[-12,-30],[31,-70],[26,80],[15,57],[21,-32],[-12,-41],[-15,-83],[-15,-56],[-2,-47],[-16,-9],[5,-80],[14,-34],[-20,-22],[8,-44],[-13,-19],[-8,-63],[23,-36],[-6,-49],[-20,14],[4,31],[-39,-20],[-37,61],[-3,-38],[27,-24],[15,-30],[-2,-35],[-24,-25],[-53,-7],[-45,61],[-9,-45],[-55,6],[-24,11],[4,-50],[53,37],[16,-36],[31,11],[16,-25],[19,12],[42,-32],[37,-13],[6,14],[-9,41],[25,40],[8,-35],[-7,-34],[4,-87],[-21,-26],[1,-38],[-19,-20],[4,-51],[-6,-37],[13,-23],[-12,-35],[-11,-78],[-17,3],[-12,52],[-38,24],[-5,40],[-42,22],[-15,-28],[-13,-68],[1,-32],[-13,-27],[-17,-7],[-7,28],[-19,-13],[-22,27],[-30,-9],[-16,34],[-13,-35],[53,-7],[18,-27],[18,-2],[15,-23],[16,-63],[21,-4],[12,31],[28,5],[23,15],[3,31],[41,17],[5,-39],[-9,-48],[-16,-21],[-21,-1],[-19,21],[-28,-19],[-15,-41],[2,-47],[-22,-7],[-38,31],[-10,-26],[1,-31],[24,20],[13,-15],[32,3],[22,-18],[-28,-68],[-15,-18],[-27,-68],[-58,-78],[-14,-7],[-36,-49],[-57,-101],[-16,-20],[-72,-201],[-23,-69],[3,-25],[-11,-67],[2,-31],[12,-19],[-32,-70],[-7,-57],[7,-26],[-10,-58],[0,-62],[20,-31],[5,-44],[-12,-6],[-33,-57],[-16,-71],[-11,10],[10,76],[-4,45],[-21,22],[-35,-18],[9,-30],[-31,-3],[-3,-92],[-23,-36],[-2,-26],[52,-5],[7,41],[36,14],[10,-20],[-2,-81],[9,-48],[21,-25],[-8,-24],[-27,4],[-12,-27],[8,-42],[-9,-38],[-1,-51],[8,-38],[-1,-46],[-14,-43],[2,-28],[-9,-38],[-14,-24],[1,-29],[-11,-71],[-29,-14],[-22,-25],[-21,-42],[-20,-57],[-18,-109],[-2,-51],[4,-52],[21,-56],[4,-49],[17,-18],[-7,-48],[5,-68],[7,-39],[19,-50],[32,-32],[12,29],[19,2],[9,-24],[-14,-32],[-7,-56],[12,-23],[-14,-70],[-9,-2],[-28,-52],[-9,29],[-38,54],[16,99],[-19,26],[6,55],[-21,31],[-28,1],[-22,-18],[0,-26],[-22,-1],[-31,-28],[-20,-51],[6,-23],[-4,-54],[20,-31],[9,-114],[10,-33]],[[73636,24622],[-34,17],[-24,63],[10,26],[-19,28],[7,29],[-37,33],[3,35],[-21,10],[-13,23],[-27,18],[-437,-529],[-23,-92],[4,-56],[13,-19],[4,-50],[-18,-31],[0,-39],[-14,-7],[4,-50],[-20,-45],[2,-37],[-13,-48],[11,-43],[-17,-27],[11,-145],[11,-37],[-7,-27],[22,-59],[-28,-46],[13,-27],[7,-43],[-17,-34],[4,-44],[23,-11],[12,-22],[-3,-46],[-11,-44],[11,-33],[44,-49],[10,-41],[17,-29],[19,-7],[5,55],[19,55],[13,-13],[10,-92],[13,-19],[-12,-38],[4,-69],[-15,-44],[13,-23],[16,-95],[71,-118],[25,-1],[51,-22],[52,-59],[11,37],[6,79],[35,92],[13,7],[-3,62],[10,28],[-5,43],[4,29],[-13,69],[19,123],[-7,25],[14,52],[-20,57],[4,85],[-14,23],[-5,72],[-7,20],[-1,61],[9,17],[78,-23],[-12,91],[1,23],[24,109],[3,53],[-19,72],[-4,42],[23,28],[-16,29],[8,54],[16,24],[37,80],[29,91],[19,18],[18,-2],[26,35],[50,-22],[21,14],[51,-19],[16,-31],[25,11],[2,18],[34,27],[9,19],[-4,61],[-15,-9],[-47,20],[-4,23],[-45,44],[-24,12],[-38,4],[3,33],[-23,6],[-10,27],[-22,21],[17,33],[-21,21]],[[62024,16430],[4,521],[4,316],[1,408],[2,472],[-1,439],[-3,235],[1,469],[-2,449],[-2,512],[0,200],[-2,841],[-3,573],[-2,519],[-1,716],[2,614],[2,425],[0,437],[-1,664],[0,485],[-1,586],[0,575],[-3,682],[2,642],[6,-44],[17,-11],[0,-47],[8,-34],[24,17]],[[74682,18022],[-19,-28],[-31,-14],[-34,-36],[-14,-31],[-54,7],[-32,-15],[-32,4],[-57,-30],[-29,-34],[6,-20],[-37,-32],[-27,-73],[-19,-98],[-25,-41],[-19,-81],[-33,-12],[-49,-31],[-15,-18],[-16,-56],[-24,10],[-43,-18],[-36,-31],[-35,-40],[-2,-43],[-16,-19],[-14,14],[-48,-5],[-12,-15],[-29,12],[-34,-14],[-28,8],[-48,-9],[-61,-31],[-18,-43],[-10,32],[-24,32],[-53,12],[-27,-6],[-99,7],[-110,-8],[-169,-4],[-50,-16],[-67,7],[-47,-6],[-84,-30],[-15,-28],[-17,-6],[-30,19],[-44,1],[-67,-18],[-21,12],[-40,5],[-44,-4],[-43,6],[-84,0],[-133,-7],[-107,-21],[-42,-12],[-113,-47],[-83,-48],[-65,-46],[-31,-9],[-70,-39],[-32,-26],[-41,-15],[-140,-100],[-87,-75],[-53,-52],[-63,-71],[-109,-138],[-121,-168],[-106,-160],[-73,-123],[-51,-81],[-196,-322],[-93,-145],[-66,-112],[-83,-130],[-67,-116],[-61,-113],[-62,-121],[-68,-111],[5,42],[-9,45],[-46,-6],[-7,-27],[-38,12],[-34,-37],[-8,-63],[-24,-6],[-25,-19],[-2,-18],[-29,8],[-35,-19],[-16,-31],[-31,32],[-3,26],[-22,35],[-5,-60],[-16,-17],[-71,-18],[-9,-15],[-25,7],[-17,-71],[-17,17],[-64,29],[0,-25],[-38,-15],[-31,19],[-37,-32],[-15,-47],[-32,7],[-8,59],[3,40],[-28,15],[-14,22],[-28,-42],[-55,-22],[-34,21],[-22,-22],[-13,21],[-17,-5],[-6,-46],[-41,-35],[-16,-74],[10,-5],[14,-55],[28,-39],[7,-67],[17,-29],[36,16],[-2,-63],[10,-95],[21,-17],[10,-36],[-8,-25],[6,-50],[15,-6],[30,9],[17,66],[46,59],[15,-1],[25,24],[28,9],[6,45],[-1,66],[21,42],[4,50],[42,-8],[15,-51],[-12,-91],[6,-36],[-9,-88],[26,-56],[1,-38],[-36,-72],[-25,-85],[-10,-54],[13,-54],[-2,-57],[33,-16],[-11,-40],[24,-20],[8,-49],[-7,-16],[-32,35],[-16,-28],[-19,-5],[-7,-52],[17,-28],[-24,-94],[-44,-23],[-30,-1],[-22,25],[-39,91],[-4,46],[21,-2],[8,54],[-22,55],[-33,51],[-41,79],[-8,69],[-22,62],[-26,93],[-20,46],[-50,96],[-86,110],[-53,44],[-31,13],[-43,-5],[-33,-37],[-16,-59],[-1,-33],[13,-55],[-38,-52],[-47,-1],[-38,-33],[-10,43],[5,57],[-21,84],[-8,58],[-11,27],[-21,99],[-54,147],[-56,118],[-44,67],[-44,48],[-24,7],[-37,-19],[-12,-31],[-31,-41],[-41,12],[-29,-17],[-40,59],[-19,12],[-31,105],[-70,156],[-27,37],[-33,8],[-38,34],[-72,1],[-12,45],[36,3],[41,18],[22,59],[-2,37],[-18,28],[14,40],[4,81],[-13,47],[24,13],[57,2],[12,-22],[41,3],[23,46],[19,76],[5,49],[-14,49],[-37,4],[-1,53],[10,55],[-34,72],[-14,110],[-40,23],[-10,22],[-41,11],[-16,-33],[-39,20],[-27,-2],[-29,21],[-4,-43],[-43,-53],[-44,3],[-11,64],[-25,0],[2,-37],[-25,-78],[-15,-20],[-8,-38],[7,-26],[-4,-37],[-24,7],[-17,-69],[34,-65],[-7,-24],[6,-102],[21,-37],[-41,4],[-23,17],[-80,26],[-27,-31],[-20,-4],[-41,-65],[-24,-15],[-25,-76],[-10,-67],[-20,0],[-50,-32],[-34,7],[-38,-27],[-19,24],[-36,-12],[2,47],[-21,50],[-43,79],[-59,92],[-18,33],[-44,62],[-24,42],[-61,66],[-40,53],[20,20],[38,-36],[45,-20],[14,-51],[20,-19],[15,-31],[53,-24],[35,-8],[32,10],[90,52],[72,64],[16,25],[11,40],[-16,24],[16,39],[44,85],[0,68],[12,44],[15,3],[24,36],[23,79],[13,27],[35,35],[13,55],[4,63],[-3,83],[-13,89],[-31,107],[-24,47],[-32,34],[-18,-27],[-11,8],[-28,67],[1,19],[-26,57],[7,18],[-17,33],[-2,107],[-10,18],[-2,38],[-17,41],[-39,38],[-24,8],[-26,-7],[-5,-22],[10,-34],[-16,-18],[-21,2],[-12,24],[-26,-15],[-14,-21],[-21,1],[-24,-27],[-1,-32],[-14,-40],[2,-51],[-29,-15],[-25,-27],[-23,-5],[-29,-36],[-34,-62],[-16,-2],[-53,-82],[-38,6],[-43,-13],[-35,-52],[-8,-30],[-40,-29],[-25,-8],[0,-52],[-12,-76],[-28,34],[-40,3],[-15,-27],[-50,7],[-21,30],[-20,-30],[-3,-38],[-22,-23],[-7,-27],[-6,-69],[17,-23],[23,8],[25,-34],[20,1],[2,42],[20,2],[28,-46],[40,-25],[24,10],[41,2],[53,25],[27,45],[67,83],[25,-16],[27,0],[34,-22],[19,-28],[18,-46],[-4,-50],[4,-29],[-12,-71],[-25,10],[-38,-45],[-5,-21],[-36,-73],[-16,-41],[26,-43],[-36,-16],[-6,-43],[-52,36],[-39,19],[-52,-1],[-19,-29],[2,-21],[-91,27],[-80,-61],[-11,-25],[-58,-42],[-17,-57],[-19,-9],[-25,-55],[-48,-61],[0,-23],[-38,-8],[-35,-21],[-25,-32],[-4,-34],[-40,-2],[-27,-16],[-20,-65],[-17,-32],[-53,0],[-43,-19],[-11,-34],[-15,-15],[-54,-114],[-4,-31],[14,-15],[-19,-53],[-18,-27],[-17,-3],[-41,-59],[-4,-48],[-12,-36],[-23,-26],[-11,-37],[-26,-39],[1,-30],[-34,-21],[-7,-39],[-36,-1],[-177,-122],[-19,-38],[-4,-53],[-10,-46],[-23,-26],[-41,-11],[-38,-66],[-6,-34],[-41,-72],[-17,4],[-45,-12],[-26,40],[0,18],[-39,79],[-53,80],[-24,-1],[-52,67],[-23,16],[-47,-2],[-28,14],[-11,-16],[-40,-21],[-13,-22],[-53,30],[-53,83],[-13,31],[-71,127],[-72,85],[-47,30],[-23,31],[-49,13],[-25,-9],[-30,15],[-5,-14],[-59,40],[-58,15],[-11,38],[-64,60],[-15,-5],[-26,30],[-81,122],[-28,30],[-23,43],[-20,15],[-36,56],[-41,53],[-17,13],[-56,75],[-51,47],[-25,7],[-24,28],[-26,-23],[-20,13],[-17,30],[-60,70],[-46,38],[-25,-2],[-52,-28],[-11,10],[-67,-24],[-15,-16],[-25,-64],[-48,-8],[-37,15],[-34,1],[-105,97],[-83,113],[-34,38],[-81,71],[-67,37],[-64,16],[-50,6],[-48,15],[-39,2],[-53,-19],[-57,-46],[-37,-51],[-41,-40],[-12,-41],[28,-62],[2,-34],[41,-110],[-50,-5],[-50,18],[-29,-51],[-1,-49],[-9,-24],[-17,0],[-20,27],[5,47],[-13,44],[-28,33],[-54,48],[-51,0],[-25,-21],[9,-72],[-9,-6],[-29,28],[-16,-1],[-15,28],[6,48],[31,40],[11,25],[-15,76],[-42,107],[-35,65],[-84,143],[-63,93],[-61,74],[-79,83],[-45,38],[-13,18],[-69,62],[-66,45],[-35,11]],[[68080,15472],[-5,87],[19,126],[5,87],[19,4],[37,-29],[24,-52],[38,-10],[51,27],[18,-10],[42,2],[28,-73],[23,-19],[18,-40],[-37,-39],[-22,1],[-48,-16],[-22,2],[-25,-34],[-1,-40],[-21,-39],[-18,13],[-22,-42],[-8,16],[-34,18],[-11,18],[-33,19],[-15,23]],[[67917,15228],[9,17],[67,50],[30,4],[57,-11],[23,-20],[23,-5],[-26,-59],[22,-41],[-12,-37],[25,-8],[24,15],[8,-14],[27,3],[8,-19],[-27,-27],[-8,-54],[-43,71],[-29,24],[-65,11],[-27,-62],[-42,38],[-68,26],[24,98]],[[69894,14446],[18,22],[27,-36],[9,-27],[-36,-35],[-23,-40],[-27,-24],[-22,20],[-50,28],[-41,99],[9,33],[27,-2],[22,12],[13,-16],[29,5],[-3,-28],[-29,-21],[9,-27],[31,-1],[37,38]],[[70293,14759],[-47,-37],[-35,6],[-3,32],[15,8],[1,31],[30,20],[27,-12],[10,15],[42,-12],[-3,-27],[-37,-24]],[[69977,14500],[-34,-9],[-23,29],[2,19],[25,32],[43,-21],[6,20],[44,-9],[4,-32],[-67,-29]],[[69746,14529],[-20,-43],[-13,10],[10,37],[23,-4]],[[70280,14675],[30,72],[8,-19],[-38,-53]],[[78841,52018],[-2,-47],[30,7],[18,-13],[10,-26],[-8,-67],[-9,-20],[-21,-1],[-3,-30],[44,0],[16,16],[16,-29],[21,-22],[14,-71],[-16,-49],[24,-38],[-8,-52],[-19,-2],[-8,-59],[28,-62],[-20,-19],[-14,-30],[8,-66],[26,15],[14,28],[-5,44],[17,58],[-21,14],[-5,46],[44,22],[2,67],[-18,47],[1,42],[11,56],[25,38],[5,-118],[7,-65],[11,-56],[26,-74],[19,-37],[23,-28],[37,-14],[30,31],[-51,-213],[-20,-97],[-31,-166],[-23,-146],[-28,-205],[-13,-116],[-9,-139],[1,-49],[10,-92],[12,-44],[22,-27],[21,28],[12,-10],[-3,-49],[-21,-212],[-7,-97],[-3,-80],[14,-43],[-7,-97],[2,-73],[4,-29],[-1,-70],[11,-89],[18,-30],[23,4],[-5,-145],[4,-127],[20,-83],[-22,-20],[-18,-2],[-5,-67],[-13,-40],[3,-60],[-5,-55],[-23,-25],[-15,-1],[-27,-58],[-5,-51],[-22,-37],[32,-83],[9,-101],[16,-36],[26,-37],[14,-51],[0,-34],[19,5],[26,-37],[-20,-33],[-30,-1],[-40,-44],[-23,-33],[-22,-88],[-18,-52],[-8,-48],[11,-51],[18,6],[54,-30],[36,40],[6,-61],[-1,-56],[-14,-87],[-21,16],[-19,-21],[-22,-58],[1,-51],[7,-37],[18,-23],[0,-33],[36,-42],[43,-38],[25,-7],[0,-84],[46,136],[18,-21],[-32,-95],[-13,-91],[8,-67],[15,-31],[15,-67],[10,-17],[26,-9],[27,7],[25,-6],[7,-49],[-6,-40],[41,-1],[-16,-77],[17,-59],[25,-11],[-4,-26],[11,-30],[-15,-32],[3,-48],[10,-17],[2,-72],[-6,-17],[4,-43],[12,-27],[-6,-27],[10,-49],[35,12],[12,-48],[49,13],[15,-37],[5,-42],[13,-21],[30,-8],[-1,-53],[-15,-49],[-57,-13],[10,-28],[-25,-17],[-3,-47],[21,-35],[9,-31],[13,-69],[-12,-34],[21,-108],[-3,-54],[6,-70],[19,-25],[7,-32],[3,-82],[9,-108],[18,-125],[13,-33],[26,-88],[15,-17],[17,-50],[33,-52],[39,6]],[[62071,42609],[0,893],[0,745],[0,469],[0,765],[0,378],[0,632],[0,405],[0,519],[0,673],[0,547],[0,440],[0,696],[0,714],[0,803],[-339,0],[-452,-1],[-452,0],[-451,0],[-565,0],[-325,0],[-240,0],[-411,0],[-435,-1],[-342,0],[-203,0]],[[57856,51286],[0,336],[-1,966],[0,378],[1,798],[-1,881],[0,1302],[0,587],[0,894],[0,612],[0,403],[0,1031],[0,479],[-1,739],[0,839],[0,472],[0,620],[0,673],[-1,461],[0,547],[0,864],[0,686],[0,477],[-1,704],[0,636],[0,300],[0,788],[0,798],[0,630],[-1,475],[1,674],[-1,742],[0,543],[0,1264],[0,521],[0,612],[-1,506],[0,546],[0,841],[0,630],[0,631],[0,453]],[[57850,78625],[34,-48],[15,-39],[17,-15],[26,-70],[28,-42],[51,-103],[52,-57],[9,-24],[49,-58],[56,-40],[44,-21],[32,-46],[36,-29],[13,-21],[13,35],[54,-14],[44,-47],[35,-51],[11,14],[21,-3],[37,-29],[24,12],[65,-8],[44,15],[50,6],[28,19],[40,-26],[1,-15],[25,-41],[22,-21],[49,-33],[39,-32],[12,-19],[35,-31],[52,-27],[20,-32],[29,-23],[58,-34],[24,22],[41,-37],[14,8],[34,-3],[29,-14],[54,-59],[-6,-38],[13,-71],[47,-79],[5,-40],[18,-35],[14,-7],[77,-70],[-17,-65],[-7,-59],[2,-68],[8,-36],[8,-111],[2,-48],[23,-132],[17,-57],[11,-56],[23,-96],[21,-65],[35,-66],[55,-69],[32,-33],[45,-35],[73,7],[33,-7],[41,-46],[43,-30],[28,-40],[22,-45],[28,-25],[28,-62],[-6,-19],[62,-48],[15,-63],[18,-33],[49,-59],[38,-16],[57,-15],[27,-40],[24,-13],[-3,-28],[43,5],[19,-14],[17,3],[18,22],[36,-74],[43,-39],[64,-41],[25,-40],[0,-64],[16,-53],[43,-77],[19,-20],[32,-19],[39,-11],[65,-1],[44,10],[19,14],[97,33],[17,-10],[33,19],[26,4],[67,27],[35,4],[62,22],[50,45],[48,65],[20,-21],[53,32],[23,21],[70,84],[31,14],[60,64],[35,55],[21,55],[45,54],[10,23],[23,-14],[13,7],[12,39],[36,61],[23,11],[58,45],[26,70],[48,141],[19,104],[8,82],[2,58],[9,35],[3,103],[5,62],[14,50],[3,41],[12,34],[17,86],[11,106],[5,90],[-7,111],[-7,35],[16,122],[22,82],[52,84],[40,99],[36,105],[19,98],[2,86],[20,8],[28,36],[38,65],[61,139],[28,83],[23,104],[8,107],[9,44],[0,46],[16,39],[15,56],[22,-8],[5,44],[31,134],[12,105],[-4,47],[-21,52],[-1,51],[14,31],[7,42],[22,88],[15,102],[22,135],[6,64],[-1,52],[10,47],[47,153],[18,50],[30,111],[14,79],[-1,46],[-29,104],[-15,121],[-10,95],[-27,100],[11,14],[16,-4],[24,121],[9,97],[11,323],[15,165],[0,33],[9,39],[11,101],[29,222],[15,78],[28,102],[21,118],[26,132],[12,84],[-4,17],[10,51],[25,70],[8,42],[10,97],[5,105],[-4,39],[24,56],[45,81],[13,34],[5,54],[-14,65],[22,110],[20,44],[8,59],[4,74],[-10,67],[-38,99],[-44,191],[-17,82],[-8,123],[-18,143],[-7,72],[-1,97],[-7,83],[-11,103],[2,98],[-2,46],[-11,84],[-8,86],[-20,135],[9,110],[26,201],[19,110],[27,116],[21,124],[6,72],[-4,109],[-8,57],[0,58],[8,78],[-1,36],[-13,84],[-24,88],[-18,45],[-67,136],[-24,59],[-29,96],[-7,59],[-4,78],[1,85],[17,172],[15,96],[13,170],[6,159],[11,119],[17,128],[38,188],[55,123],[21,82],[17,109],[19,89],[73,188],[16,68],[4,42],[-8,81],[-15,55],[-31,38],[-11,44],[-3,43],[-10,30],[-16,13],[-2,57],[-7,23],[-2,59],[-11,56],[8,59],[-1,73],[-7,48],[-25,41],[-18,54],[11,46],[15,83],[6,5],[32,99],[29,-6],[14,17],[15,52],[22,31],[34,13],[15,42],[21,21],[32,95],[52,276],[10,70],[5,77],[20,18],[26,-46],[20,5],[14,-21],[16,58],[-26,35],[-22,-16],[-18,52],[7,20],[40,15],[8,26],[32,40],[6,59],[-20,27],[-9,-18],[-33,-16],[-21,9],[-17,-25],[-13,44],[-11,14],[-36,21],[-16,24],[1,39],[-20,46],[-14,-2],[-16,25],[-34,27],[-10,-2],[-9,-41],[3,-32],[-15,-47],[-37,-1],[-25,-37],[-26,-23],[-46,53],[3,30],[18,80],[15,90],[44,185],[35,177],[20,119],[19,130],[3,54],[18,90],[22,29],[30,126],[31,148],[28,127],[15,79],[21,75],[20,47],[21,89],[42,87],[37,3],[-23,-60],[-5,-32],[18,-79],[21,-57],[6,-37],[-3,-85],[12,-130],[8,12],[-3,47],[6,81],[36,83],[16,-5],[34,-45],[26,59],[-8,17],[-7,56],[-22,56],[-20,42],[-14,12],[-17,-15],[-11,22],[0,81],[5,41],[6,134],[7,91],[10,94],[22,127],[34,68],[2,64],[13,94],[5,74],[11,14],[4,70],[23,152],[12,106],[22,87],[30,173],[17,5],[-5,52],[28,206],[12,179],[2,126],[-2,60],[-9,61],[13,14],[15,55],[8,80],[4,106],[14,48],[-14,66],[7,14],[-11,87],[0,72],[-13,74],[-5,59],[-8,33],[5,57],[8,36],[29,49],[53,50],[17,-1],[15,-21],[24,8],[21,29],[45,-23],[17,11],[24,35],[12,-12],[23,44],[29,34],[14,62],[1,29],[18,24],[21,50],[6,56],[9,14],[11,53],[2,49],[18,69],[-5,33],[21,55],[13,-29],[31,-6],[40,13],[16,33],[26,28],[23,-50],[10,-2],[10,-43],[42,-16],[6,-22],[19,-20],[-13,-31],[-25,-88],[-22,-35],[-4,-35],[-16,-54],[-12,-25],[-31,-23],[-7,-35],[-1,-68],[7,-25],[-2,-49],[-14,-14],[-4,-47],[-9,-19],[3,-54],[-24,-45],[10,-13],[13,23],[24,92],[8,10],[31,72],[4,46],[40,64],[9,-31],[11,36],[39,-70],[3,-69],[-13,-51],[19,-28],[21,18],[42,-22],[18,-77],[22,-13],[21,20],[21,-14],[5,-29],[22,-28],[9,-40],[-4,-56],[9,-46],[15,-10],[1,-31],[27,-50],[5,-119],[-2,-37],[15,-73],[-5,-98],[-17,-102],[16,-103],[-2,-52],[13,-44],[26,-5],[11,-61],[16,-15],[33,-113],[-3,-35],[9,-40],[-50,-146],[-6,-58],[-2,-69],[18,-39],[-4,-59],[-2,-138],[24,-79],[0,-94],[10,-44],[3,-112],[-3,-135],[4,-75],[-3,-58],[-10,-67],[-1,-99],[6,-60],[21,-27],[6,-38],[15,-17],[19,6],[13,-53],[17,-24],[10,16],[24,-22],[35,-88],[19,2],[19,-17],[28,-2],[32,10],[35,28],[6,16],[51,60],[5,-26],[17,4],[28,-39],[9,-3],[1,-64],[14,-26],[10,-51],[10,-20],[64,46],[9,15],[11,-32],[18,-24],[-15,-32],[-19,1],[-15,26],[-35,-45],[-10,-60],[-17,-54],[-9,-47],[-11,-29],[-25,-99],[-31,-90],[-15,-69],[-12,-35],[-21,-20],[22,-33],[-9,-63],[9,-14],[5,-48],[-8,-18],[-8,-65],[11,-14],[-17,-104],[-6,-70],[0,-52],[8,-47],[13,13],[106,-12],[36,-10],[29,-33],[23,-58],[25,6],[2,-29],[24,-14],[7,-29],[-2,-93],[11,-45],[-8,-39],[7,-47],[-3,-77],[33,-63],[4,-42],[20,-33],[17,-1],[12,-26],[24,6],[32,-43],[24,-48],[19,-7],[9,12],[19,-56],[15,-26],[-44,-100],[-7,-27],[4,-41],[21,-4],[-27,-47],[-14,-49],[-9,-57],[-3,-50],[-15,-35],[-19,-115],[3,-93],[-7,-46],[0,-55],[-6,-53],[24,-7],[12,-22],[12,33],[20,-1],[12,62],[29,16],[9,20],[21,14],[15,-31],[20,-13],[32,11],[18,19],[10,28],[38,-3],[-19,-58],[2,-16],[-27,-90],[-5,-44],[-11,-34],[-4,-67],[20,-25],[-11,-69],[9,-25],[5,-44],[-11,-91],[9,-19],[0,-42],[-9,-42],[-6,-140],[4,-68],[21,-67],[-5,-137],[0,-115],[8,-50],[-1,-45],[5,-81],[18,-89],[30,-50],[29,-19],[7,-30],[4,-60],[12,-24],[1,-83],[-16,-89],[-9,-104],[11,-64],[-1,-38],[-19,-56],[-16,-62],[-14,-94],[-6,-73],[-1,-109],[-6,-122],[-16,-85],[12,-56],[3,-47],[9,-45],[17,-52],[16,-20],[13,-62],[15,-27],[12,-71],[1,-73],[10,-36],[18,-112],[22,-64],[38,-59],[21,-26],[6,-80],[14,-79],[5,-130],[9,-44],[-1,-96],[-4,-72],[10,-94],[27,-106],[28,-227],[28,-124],[26,-88],[31,-76],[29,-50],[49,-72],[29,-23],[30,-10],[38,5],[15,-30],[12,-3],[17,27],[32,-8],[49,22],[15,-7],[9,24],[34,27],[49,61],[24,50],[22,65],[20,1],[13,44],[24,24],[3,27],[34,96],[8,76],[-5,58],[5,48],[-7,42],[21,1],[8,20],[23,-43],[17,14],[13,-25],[21,-66],[24,-22],[10,15],[29,-30],[27,4],[19,14],[19,33],[25,5],[30,51],[43,24],[22,36],[27,67],[29,105],[15,77],[39,-16],[17,-53],[4,-37],[20,-42],[8,-40],[22,-19],[11,-34],[19,-36],[-22,-138],[10,-64],[-3,-64],[6,-32],[15,-5],[12,18],[26,-6],[29,25],[2,-52],[-12,-29],[-23,-115],[-6,-62],[3,-34],[-4,-53],[9,-43],[43,-50],[22,-63],[18,-79],[43,-12],[67,12],[17,19],[5,-108],[4,-27],[21,-18],[17,2],[11,-27],[20,2],[12,-20],[63,13],[25,-2],[12,-12],[5,-42],[12,-25],[-1,-46],[8,-39],[23,2],[12,-56],[-5,-36],[7,-111],[23,-34],[47,-11],[-2,-41],[8,-29],[19,-18],[2,-33],[49,-18],[18,7],[14,-20],[14,5],[22,-47],[41,-43],[10,7],[29,-13],[21,-20],[15,14],[21,-2],[37,11],[-16,-97],[6,-45],[29,-52],[4,-30],[26,-42],[23,-80],[23,-25],[17,7],[7,23],[19,-10],[18,32],[16,-21],[-7,-92],[-47,-91],[-35,-79],[-22,-69],[-17,-74],[-17,-51],[-20,-94],[8,-27],[-7,-45],[6,-35],[-1,-47],[11,-40],[21,-115],[13,-25],[57,-7],[24,36],[6,57],[14,0],[1,-54],[15,-47],[0,-40],[-18,8],[-39,-44],[-33,-60],[-10,-38],[5,-31],[16,-27],[-17,-55],[3,-37],[-38,-66],[-18,-50],[-12,-64],[2,-57],[21,4],[21,-47],[8,-64],[0,-36],[-10,-82],[16,-31],[7,-34],[24,20],[21,-41],[3,-68],[13,-14],[-4,-29],[-17,-26],[7,-56],[-10,-28],[7,-32],[22,-27],[1,-37],[39,-128],[10,-123],[-6,-42],[-11,-40],[-6,-40],[8,-76],[21,-8],[6,-17],[-16,-69],[-13,-84],[2,-55],[18,-39],[15,3],[19,-48],[13,0],[33,-94],[9,-73],[23,-31],[7,-63],[12,-16],[0,-79],[15,-50],[-10,-20],[-1,-39],[-11,-31],[1,-42],[-20,-85],[-5,-59],[4,-71],[15,-2],[19,-27],[2,-72],[15,-14],[-6,-100],[-24,-44],[-15,-1],[-13,-56],[-30,-81],[-2,-60],[-7,-50],[11,-34],[-14,-79],[-3,-47],[2,-70],[6,-30],[23,-27],[19,8],[11,-18],[21,4],[6,-106],[28,-90],[11,-17],[16,-53],[19,-90],[30,-55],[31,-76],[7,-52],[15,-67],[58,-40],[41,-85],[27,-24],[3,-62],[16,-52],[14,8],[11,-44],[16,-30],[10,1],[32,-126],[23,-50],[20,-23],[3,-32],[-17,-21],[0,-56],[23,-44],[16,32],[26,13],[16,24],[5,28],[19,31],[19,-5],[14,-32],[-1,-37],[26,-10],[39,54],[14,45],[13,21],[38,-75],[1,-40],[-16,-3],[-21,-63],[9,-37],[-42,-94],[-13,-66],[5,-24],[-13,-73],[-3,-51],[4,-48],[34,-66],[7,-50],[11,-37],[27,-35],[6,-75],[17,-43],[-4,-24],[4,-71],[8,-22],[5,-102],[16,-17],[15,-62],[7,-68],[11,-76],[17,-68],[21,-38],[16,-59],[11,-19],[17,-1],[9,-29],[-12,-143],[4,-60],[15,-31],[-1,-59],[-12,-37],[1,-32],[27,-76],[3,-32],[35,-54],[17,-41],[-3,-26],[14,-16],[6,-82],[12,-38],[-24,-44],[-26,-84],[-12,-101],[0,-50],[11,-74],[-24,-49],[-5,-47],[20,-39],[-8,-38],[9,-62],[11,-15],[-20,-89],[-4,-45],[0,-77],[-8,-54],[1,-75],[-31,-65],[-20,-87],[-18,-36],[-7,-33],[-11,-93],[-32,-107],[-2,-58],[4,-58],[-2,-35],[6,-94],[8,-87],[-2,-28],[14,-50],[33,-58],[21,-57],[24,-36],[0,-22],[29,-76],[48,-56],[12,-24],[20,-60],[11,-98],[9,-11],[-4,-38],[31,9],[11,-22],[-17,-22],[1,-40],[36,4],[21,-49],[45,-15],[19,-23],[27,-16],[26,-40],[21,4],[24,-97],[-7,-26],[3,-42],[-7,-100],[-25,-97],[2,-49],[-27,-123],[-23,-164],[-14,-180],[1,-87],[4,-42],[16,-70],[31,-66],[7,-5],[18,-61],[9,-51],[25,-10],[12,-21],[14,-67],[10,-21],[23,-3],[12,-26],[46,-137],[27,-58],[18,1],[30,-56],[33,-13],[37,-51],[16,-48],[15,-29],[49,-15],[44,-64],[32,-17],[18,-26],[34,-24],[20,0],[31,35],[17,3],[41,-11],[11,-13],[8,-101],[14,-46],[21,3],[15,-33],[26,-2],[18,-14],[-16,-39],[17,-13],[35,-69],[13,-17],[21,-7],[37,11],[28,18],[21,-16],[4,22],[23,28],[39,124],[4,42],[20,30],[-6,71],[32,-48],[8,-90],[19,-44],[0,-54],[-19,-5],[-8,-57],[10,-12],[11,-59],[17,-69],[15,-38],[50,-91],[-5,-28],[22,-73],[12,10],[0,34],[71,-13],[36,-34],[34,14],[17,-40],[27,24],[22,9],[31,39],[34,-19],[45,-16],[40,6],[31,-24],[43,15],[15,43],[4,31],[-10,49],[-2,34],[-39,89],[2,42],[28,-66],[32,-123],[16,-135],[24,-109],[13,-29],[24,-30],[2,-23],[27,-79],[12,-2],[26,-103],[28,-247],[19,10],[8,-16],[19,-90],[-23,-26],[-8,-55],[-13,-45],[10,-19],[11,-74],[9,-27],[32,-62],[42,-57],[15,-59],[40,-21],[12,-16],[30,-2],[3,17],[46,-3],[11,29],[-12,120],[-24,42],[-1,37],[15,56],[5,44],[-8,44],[15,6],[20,-13],[39,7],[23,-4],[16,-43],[15,-9],[10,-51],[-6,-25],[3,-91],[7,-96],[9,-76],[11,-42],[22,-52],[17,-16],[22,-60],[14,-25],[21,-18],[19,7],[18,-18],[30,-10],[21,4],[24,33],[2,35],[11,21],[47,10],[25,23],[7,-13],[19,-110],[23,-48],[28,-12],[44,-36],[9,23],[25,13],[9,-16],[25,-4],[14,-20],[10,-42],[13,-30],[38,0],[-1,-63],[5,-23],[-30,-14],[-17,-24],[-9,-32],[12,-48],[21,-8],[13,-29],[31,-31],[-14,-24],[5,-37],[36,-32],[3,-23],[22,-51],[26,-13],[3,-36],[19,-14],[20,3],[28,-19],[15,8],[16,-13],[17,12],[8,-16],[26,64],[18,2],[11,51],[-17,44],[-18,0],[-4,107],[16,42],[32,-15],[14,-43],[23,-32],[40,-9],[27,62],[24,-9],[-16,-54],[4,-67],[29,-69],[-17,-31],[15,-13],[23,-56],[-14,-17],[1,-43],[20,-15],[4,-27],[19,-27],[27,17],[-7,68],[14,58],[10,-9],[0,-109],[21,-12],[10,-51],[19,7],[5,-30],[-8,-31],[0,-41],[-10,-26],[7,-24],[31,29],[16,31],[31,-23],[5,37],[24,3],[-1,61],[16,6],[13,-25],[4,-78],[29,-31],[-17,-36],[-22,-20],[36,-44],[29,-17],[16,-49],[20,-41],[-11,-60],[11,-68],[-4,-63],[2,-40],[11,-1],[17,-52],[17,-22],[15,-42],[24,23],[9,-43],[-21,5],[-9,-30],[18,-39],[10,0],[28,-51],[-6,-38],[-38,-25],[-11,50],[-40,-12],[0,35],[-14,0],[-2,34],[-29,7],[3,81],[-12,34],[15,59],[-2,31],[-19,27],[-32,17],[-4,-40],[-19,-6],[14,-64],[-3,-30],[-27,-40],[-17,11],[-21,-24],[-20,26],[-10,34],[-21,22],[-13,-12],[9,-31],[23,-44],[2,-33],[-14,-74],[-15,-50],[-20,-39],[-16,-72],[-9,-21],[34,-47],[8,-35],[-6,-31],[17,-49],[26,-8],[-1,-59],[-16,-24],[26,-46],[11,-7],[-2,-79],[36,-20],[15,-31],[11,8],[8,-89],[10,-1],[20,-37],[13,12],[25,-15],[12,-37],[-18,-2],[-13,-38],[-22,-13],[53,-59],[15,-56],[-7,-71],[32,13],[27,29],[6,-59],[41,-42],[12,25],[19,-8],[20,28],[5,-41],[22,-29],[12,26],[31,-58],[17,0],[17,42],[28,-27],[-8,-24],[9,-25],[-10,-20],[-21,20],[-19,-39],[15,-18],[-7,-74],[3,-67],[11,17],[48,35],[34,-3],[23,-36],[15,-42],[27,22],[34,-19],[-2,-43],[18,-60],[23,9],[12,-65],[21,-59],[24,41],[4,-23],[-6,-88],[12,-17],[-14,-26],[-4,-44],[-18,2],[-13,-21],[21,-27],[-15,-22],[-14,-88],[5,-76],[12,-21],[11,-66],[-20,-77],[8,-47],[28,60],[46,53],[11,-74],[18,-24],[28,17],[-4,-35],[-2,-102],[8,-36],[-4,-21],[25,-40],[-7,-15],[13,-36],[-6,-54],[-16,-23],[-29,8],[18,-57],[29,14],[23,-3],[8,-44],[-32,2],[-24,-8],[-8,-35],[4,-89],[-29,-21],[17,-23],[6,-50],[12,-13],[27,53],[23,15],[3,26],[24,-38],[10,-42],[41,30],[-9,-38],[-7,-82],[21,-8],[8,-20],[20,-4],[34,-26],[13,-62],[29,121],[23,3],[4,-50],[-2,-56],[-15,-10],[-3,-44],[-28,-39],[-19,-82],[0,-58],[7,-48],[15,-34],[-3,-31],[6,-51],[18,-1],[6,-87],[-22,29],[-28,-44],[-6,-24],[-4,-130],[9,-39],[34,-34],[-10,-23],[23,-28],[-11,-56],[-3,-49],[5,-60],[1,-90],[21,-82],[11,-88],[30,-57],[18,-68],[-9,-70],[0,-61],[10,-56],[21,-75],[6,-39],[15,-18],[7,-80],[12,-18],[-14,-25],[21,-136],[40,-90],[-5,-59],[38,-43],[39,-96],[9,-73],[16,-2],[16,29],[15,-5],[17,-64],[13,37],[25,26],[20,-23],[27,-54],[-24,-33],[-5,-120],[11,-26],[28,46],[18,116],[37,-5],[25,-63],[23,-21],[8,-21],[12,-77],[15,-62],[26,-77],[47,-46],[7,-37],[25,-14],[25,-37],[21,-62],[19,-75],[0,-44],[14,-10],[22,-86],[19,5],[1,43],[-15,45],[-3,39],[-10,19],[-12,105],[1,48],[-26,66],[-5,61],[-11,57],[-14,30],[-9,58],[-24,103],[-12,33],[-26,124],[20,3],[3,62],[-20,21],[11,32],[-10,29],[3,55],[20,63],[11,62],[5,66],[29,103],[32,31],[8,39],[18,21],[27,-12],[15,51],[18,-1],[19,-24],[3,-38],[25,-4],[0,-33],[9,-54],[31,-146],[37,-59],[22,-18],[-3,-34],[11,-42],[0,-55],[27,-21],[22,-37],[-19,-45],[-2,-57],[31,-29],[31,-57],[61,-31],[20,8],[27,-23],[2,-34],[31,-26],[16,-41],[34,-35],[15,-28],[17,-2],[8,-25],[24,-26],[3,-44],[27,-7],[31,-68],[35,-11],[42,-66],[1,32],[60,-68],[31,-16],[9,-30],[26,7],[1,29],[-35,121],[2,53],[-23,55],[5,25],[-32,78],[12,20],[-6,31],[3,79],[-9,69],[8,28],[1,60],[15,23],[7,56],[15,21],[28,-38],[15,4],[31,-16],[10,5],[28,-45],[-12,-101],[29,-92],[-11,-60],[14,-15],[5,95],[8,18],[-27,92],[16,20],[6,37],[20,-43],[-2,-30],[7,-36],[5,-76],[8,-50],[15,-25],[38,-23],[23,4],[16,-65],[-26,-16],[-15,-42],[-3,-74],[-40,21],[1,25],[-19,16],[-41,13],[26,-51],[-14,-9],[13,-70],[19,-25],[5,-34],[24,6],[18,-14],[7,-69],[-10,-50],[7,-45],[18,-42],[10,31],[-5,56],[6,41],[20,37],[5,53],[-11,82],[32,-7],[4,-42],[11,-28],[-9,-50],[-10,-134],[9,-93],[33,-7],[0,-66],[12,-24],[25,-14],[-11,-78],[-9,-106],[-6,-9],[-9,-126],[5,-12],[-17,-76],[-13,-147],[-1,-136],[9,-18],[-4,-40],[-19,-53],[-3,-112],[-4,-62],[-1,-87],[-5,-44],[-23,-109],[-2,-88],[17,-19],[17,-66],[25,8],[1,-111],[-6,-23],[14,-45],[11,-18],[14,25],[18,-96],[-7,-60],[-15,-39],[-9,-1],[-20,-51],[-11,-9],[-25,22],[3,-45],[17,-19],[15,8],[0,-96],[16,-111],[16,-65],[27,-77],[52,-110],[-15,-62],[-15,-14],[-64,16],[-19,-2],[25,-45],[52,-54],[47,-17],[1,-58],[8,-33],[66,84],[30,-11],[7,-14],[-4,-72],[3,-64],[14,-14],[5,41],[3,99],[74,-44],[5,-61],[19,-94],[17,-32],[24,-11],[23,-29],[9,-23],[19,-8],[18,-32],[17,-65],[-17,-19],[4,-25],[31,-39],[17,-69],[-21,-59],[32,-20],[17,-44],[-20,-16],[11,-57],[30,-29],[38,7],[14,20],[30,-47],[26,-9],[4,-36],[10,-23],[28,-10],[15,20],[12,-21],[10,-83],[11,-53],[16,-36],[14,-50],[15,-3],[17,-39],[36,-44],[31,-62],[8,-43],[-5,-35],[9,-31],[-14,-60],[24,-43],[1,100],[16,-19],[2,-45],[15,-31],[19,-15],[-3,56],[-51,84],[-6,62],[33,-13],[9,12],[47,-53],[61,-47],[-3,-24],[-19,8],[-30,-16],[19,-33],[9,-34],[-13,-15],[11,-60],[42,4],[8,42],[-8,11],[5,41],[21,54],[5,-27],[20,-8],[30,16],[14,-34],[18,-4],[4,-38],[35,-41],[24,-10],[-19,52],[3,51],[-11,40],[-34,53],[-1,20],[-34,15],[-10,-5],[0,60],[7,27],[24,8],[26,-5],[22,-26],[16,-6],[22,-48],[37,-39],[15,-30],[-20,-29],[-3,-53],[16,-31],[16,23],[-10,32],[28,51],[4,55],[29,-22],[-1,-114],[28,-181],[9,-13],[15,-53],[37,-61],[12,-32],[11,17],[19,-5],[13,-34],[18,29],[9,56],[15,-117],[9,-33],[15,-3],[20,-67],[14,-12],[13,-91],[4,-57],[20,-93],[22,-157],[35,-184],[49,-179],[32,-69],[16,-62],[30,-83],[18,-31],[35,-87],[25,-50],[45,-57],[19,-6],[41,-55],[29,-65],[44,-60],[26,-25],[76,-48],[34,29],[25,-46],[-8,-37],[33,5],[11,-50],[23,-35],[10,-34],[15,-9],[18,-43],[-2,-26],[24,-93],[6,-70],[6,-111],[-8,-27],[0,-69],[7,-77],[30,-115],[39,-116],[28,-119],[36,-69],[66,-75],[-13,-53],[-12,-10],[-20,11],[-18,-5],[-15,13],[-27,-16],[15,-26],[37,-17],[27,12],[21,-45],[17,-57],[37,-79],[9,3],[27,-33],[48,-31],[57,-6],[52,17],[12,57],[19,-13],[-2,-37],[11,-43],[26,-21],[72,1],[15,-31],[-18,-60],[9,-86],[14,-60],[-11,-37],[9,-64],[-10,-56],[-17,-3],[-1,-40],[-39,-39],[-4,-38],[-16,-36],[-8,-38],[-17,-1],[-18,-22],[34,-13],[25,34],[17,57],[26,32],[32,8],[10,13],[11,49],[19,-2],[9,-32],[-11,-52],[-28,-24],[-11,-33],[-26,-42],[13,-88],[-10,-46],[-28,-27],[-12,-24],[7,-46],[-2,-111],[21,-12],[12,-83],[-6,-35],[15,-50],[-34,4],[-7,-26],[21,-18],[25,-46],[17,-15],[-15,-35],[10,-51],[24,-8]],[[64371,95707],[9,29],[34,-34],[-7,-34],[-18,-37],[-15,20],[17,27],[-20,29]],[[66376,97779],[-6,-28],[-18,-15],[-7,39],[21,18],[10,-14]],[[64740,97934],[6,32],[27,11],[30,-42],[-44,-26],[-19,25]],[[64388,98204],[0,-22],[-32,-7],[3,49],[29,-20]],[[65971,98751],[13,-8],[-15,-57],[-18,-3],[-8,28],[5,27],[23,13]],[[64218,99195],[2,33],[21,-26],[-6,-27],[-17,20]],[[63653,96475],[12,20],[11,-60],[-8,-32],[-14,9],[-1,63]],[[63924,98784],[-6,-28],[-43,11],[-23,15],[-13,28],[15,17],[31,-6],[39,-37]],[[63910,96039],[15,-26],[1,-43],[-29,-12],[-21,40],[24,16],[10,25]],[[64650,97420],[-13,26],[4,18],[26,7],[14,-20],[15,-45],[-24,-28],[-22,42]],[[72578,68615],[-4,-36],[1,-94],[-11,-16],[-34,25],[4,23],[-13,42],[9,41],[-6,67],[9,31],[16,-5],[11,-50],[18,-28]],[[63780,96015],[11,-3],[9,-32],[-9,-16],[-8,-70],[-27,-18],[-26,25],[17,53],[15,-9],[7,51],[11,19]],[[63786,95873],[18,-13],[-14,-27],[-19,-10],[-6,29],[21,21]],[[63664,99636],[11,33],[47,26],[26,34],[40,23],[32,-86],[29,23],[40,-26],[-2,-33],[-11,-38],[-14,-15],[-23,7],[-12,-9],[-80,10],[-45,16],[-38,35]],[[63698,99710],[9,57],[22,-4],[2,-40],[-28,-22],[-5,9]],[[73147,68446],[-1,54],[22,-26],[-4,-30],[-17,2]],[[64445,99326],[26,-15],[15,21],[35,22],[76,-15],[5,-29],[-16,-29],[-15,4],[-35,-28],[-17,-56],[-49,-25],[-20,11],[-50,-12],[-44,21],[-40,40],[3,58],[25,21],[38,44],[20,-4],[17,-27],[26,-2]],[[64417,99336],[10,30],[15,12],[36,-13],[17,-19],[-25,-20],[-53,10]],[[69911,72189],[-17,8],[13,39],[2,69],[15,37],[-14,63],[20,4],[6,-26],[26,-18],[26,-67],[0,-37],[12,-30],[32,12],[25,27],[7,-12],[-12,-71],[-40,-29],[-13,2],[-11,30],[-26,1],[-41,17],[-10,-19]],[[70268,70990],[-15,28],[-28,28],[-18,69],[-16,22],[15,40],[35,-7],[36,10],[23,-11],[37,19],[-13,-66],[0,-34],[-33,-41],[-13,-52],[-10,-5]],[[69778,72618],[8,19],[-14,80],[16,28],[7,-54],[9,-22],[-5,-38],[8,-20],[-3,-101],[-21,1],[16,58],[-21,49]],[[69822,72431],[-7,56],[12,4],[9,-34],[-6,-119],[-20,40],[12,53]],[[69873,72445],[-14,48],[7,22],[28,-56],[-21,-14]],[[69804,72821],[-5,-49],[-17,16],[0,35],[13,22],[9,-24]],[[63815,95796],[15,44],[32,25],[25,-5],[21,14],[1,-24],[19,-41],[7,-57],[-24,-51],[-19,-21],[-39,-13],[-16,18],[-29,79],[7,32]],[[63726,95813],[-9,-39],[-22,2],[-9,22],[38,37],[2,-22]],[[63723,97613],[-14,56],[26,17],[16,-10],[-15,-48],[-13,-15]],[[69443,73545],[-23,68],[4,54],[-5,46],[-12,28],[5,50],[22,-38],[14,-38],[34,-8],[25,12],[6,-39],[-15,-65],[-14,-84],[-1,-48],[21,-24],[-1,-22],[16,-19],[7,-44],[18,3],[18,-24],[10,-63],[-20,-13],[-2,-29],[17,-7],[5,-27],[20,-17],[-11,-45],[-23,-47],[-3,-38],[4,-33],[-4,-36],[-30,-24],[-22,18],[-55,-5],[-40,35],[-13,76],[-17,38],[4,76],[5,20],[-8,62],[-14,47],[-21,35],[-35,120],[-45,40],[-27,44],[-29,63],[-13,42],[53,40],[27,-3],[30,-30],[24,-47],[23,-11],[20,-37],[39,-18],[17,-29],[15,-5]],[[59943,76949],[-13,19],[1,34],[-18,14],[-37,-19],[-14,-30],[-2,-33],[-14,-10],[-9,42],[-12,19],[-9,70],[26,-2],[25,45],[28,33],[7,49],[12,38],[32,14],[13,57],[-5,57],[18,-16],[17,-59],[37,-71],[15,-10],[-7,-30],[9,-67],[20,-40],[-6,-30],[-20,-21],[-27,0],[-19,-15],[-8,-39],[-31,12],[-9,-11]],[[59455,77856],[12,-27],[-2,-37],[-16,5],[-27,-37],[-1,-34],[-20,9],[-11,42],[5,55],[36,25],[17,18],[7,-19]],[[60112,76892],[-9,25],[0,49],[24,25],[-3,30],[16,45],[1,45],[20,-36],[-37,-122],[2,-64],[-14,3]],[[59588,77221],[15,-15],[7,-46],[-20,-2],[-13,39],[-15,-4],[-11,77],[15,-9],[22,-40]],[[69338,73336],[10,-31],[-1,-89],[-18,20],[-5,40],[-24,87],[26,-29],[12,2]],[[69317,73889],[5,72],[16,3],[14,-17],[9,-35],[-18,-35],[-26,12]],[[69338,74502],[-12,32],[-18,3],[-18,43],[12,34],[37,-57],[-1,-55]],[[69354,73204],[-7,63],[5,42],[16,-53],[3,-86],[-17,34]],[[69103,77507],[-18,-50],[-12,25],[10,24],[20,1]],[[69389,73069],[-3,-31],[-22,-2],[1,32],[24,1]],[[59536,78268],[-21,-19],[-25,7],[-6,50],[-11,42],[13,31],[1,40],[29,49],[38,55],[12,39],[-5,28],[7,42],[33,49],[0,40],[31,30],[38,46],[11,31],[16,20],[33,-14],[20,10],[23,30],[32,-1],[48,22],[18,-8],[45,5],[33,52],[55,45],[32,63],[31,-23],[37,-7],[10,-10],[17,-52],[20,-27],[24,-51],[37,-3],[8,-32],[23,-50],[2,-92],[14,-33],[3,-29],[-35,-8],[-8,42],[-34,3],[-26,-39],[-15,-3],[-46,-62],[-10,38],[0,28],[-12,12],[-5,35],[1,44],[-26,24],[1,28],[-24,-13],[-1,-23],[-19,-60],[-39,2],[-30,-45],[10,-32],[37,-1],[6,-37],[-22,-60],[-7,46],[-30,9],[-23,-36],[18,-23],[-5,-81],[8,-21],[-10,-45],[-32,-3],[9,-43],[3,-61],[-19,-20],[-30,1],[-2,38],[-11,40],[-20,22],[-20,-36],[6,-19],[-19,-41],[-9,-57],[-18,4],[-36,-61],[-16,-58],[-16,15],[-19,-29],[-28,9],[-6,17],[-29,-1],[-20,-18],[-16,65],[-25,7],[-6,39],[-1,93]],[[59519,78163],[5,-67],[-35,-53],[-1,-28],[-30,-1],[11,51],[-10,75],[8,41],[36,61],[11,-2],[13,-29],[-8,-48]],[[66640,85474],[30,29],[15,-106],[-32,-3],[-29,14],[-13,21],[2,26],[27,19]],[[60282,78751],[-24,15],[-10,32],[10,20],[11,61],[20,-11],[-2,-35],[7,-34],[-1,-58],[-11,10]],[[59903,78235],[16,18],[14,-36],[-13,-23],[-5,-37],[-16,-21],[-17,11],[-4,27],[8,35],[17,26]],[[68317,84032],[14,62],[27,-44],[4,-25],[-13,-32],[-28,1],[-4,38]],[[66618,85569],[23,-30],[-19,-50],[-12,4],[-6,36],[14,40]],[[67630,84496],[-2,23],[33,18],[16,-47],[-15,-8],[-32,14]],[[60484,78288],[-23,-44],[-3,28],[26,16]],[[66657,85284],[-15,25],[34,17],[0,-37],[-19,-5]],[[63919,96896],[-10,-14],[-9,-39],[-19,-36],[-8,-33],[-12,4],[-15,42],[-31,27],[-38,17],[-23,46],[-16,57],[16,34],[12,42],[8,78],[11,30],[24,22],[24,-7],[24,21],[25,-32],[17,6],[13,-34],[20,8],[10,-27],[1,-52],[17,-22],[-5,-40],[-36,-98]],[[63644,97092],[-14,2],[-18,24],[-11,31],[-5,47],[14,46],[8,2],[27,72],[22,1],[13,13],[53,21],[3,-55],[7,-24],[5,-58],[-8,-78],[0,-50],[-12,2],[-27,-67],[-37,-6],[-10,65],[-10,12]],[[63752,95806],[18,-35],[4,-35],[19,-26],[11,-38],[17,-19],[6,-57],[34,-90],[0,-27],[-9,-55],[-20,39],[-32,-76],[-10,47],[-23,-10],[-31,-72],[1,-44],[-11,-12],[-39,24],[-6,44],[-11,32],[-13,4],[-10,31],[-15,88],[5,56],[-5,31],[11,16],[16,53],[9,-14],[15,28],[8,35],[21,-3],[26,70],[14,15]],[[64462,94799],[5,-39],[-19,-4],[-6,60],[-26,1],[-23,32],[1,34],[37,-4],[20,-22],[13,-37],[-2,-21]],[[64325,95396],[-15,20],[-12,43],[15,5],[11,-34],[19,-20],[1,-47],[-19,33]],[[63878,95430],[-5,27],[17,38],[12,-18],[1,-54],[-19,-20],[-6,27]],[[64017,95363],[12,50],[-5,36],[8,17],[21,3],[-16,-71],[-20,-35]],[[64373,94876],[-4,-31],[-18,7],[3,28],[19,-4]],[[76510,57992],[13,-21],[12,-89],[7,-115],[-19,-41],[6,-43],[-12,-27],[-22,38],[-28,2],[-30,-56],[-14,5],[-40,77],[2,18],[-18,42],[-47,162],[-8,45],[-22,47],[-33,12],[-7,31],[-64,74],[-12,68],[-8,79],[-28,48],[-26,110],[-7,55],[-17,17],[19,29],[28,12],[12,71],[34,-13],[24,22],[29,-56],[-12,-19],[40,-39],[31,-7],[50,-56],[58,-1],[-9,-59],[9,-4],[25,40],[1,43],[24,29],[0,-108],[-14,-102],[0,-125],[16,-36],[4,-62],[22,-57],[24,0],[7,-40]],[[73245,67895],[3,37],[-24,-9],[20,66],[3,62],[8,25],[-6,87],[29,-7],[-5,-40],[9,-32],[-3,-58],[27,0],[-10,-54],[9,-12],[-3,-54],[15,-25],[29,-11],[22,-73],[18,-39],[-36,-24],[-12,-37],[-19,36],[-10,-9],[-20,17],[3,-40],[-20,-27],[-14,0],[-5,31],[5,38],[-11,33],[-29,-38],[-10,68],[6,34],[16,5],[15,50]],[[74522,62348],[1,34],[12,33],[5,60],[-7,21],[4,41],[15,78],[-3,27],[22,40],[17,2],[-6,-72],[16,-76],[8,-67],[11,-17],[-13,-60],[4,-62],[-9,-56],[2,-28],[-22,-76],[-17,-9],[-32,28],[2,33],[12,12],[-22,114]],[[75379,62013],[-4,54],[10,18],[22,-11],[-8,62],[13,23],[-28,22],[-8,19],[13,42],[14,0],[43,-54],[7,-94],[34,-62],[8,-36],[-4,-35],[-13,4],[-3,-38],[-19,-10],[-24,-55],[-12,6],[-26,-39],[-10,41],[11,33],[3,37],[-19,73]],[[73238,68378],[6,-65],[-22,-8],[10,-51],[3,-91],[-22,-54],[-6,21],[8,91],[-16,-21],[-3,-57],[-20,7],[16,73],[-22,-6],[-5,-58],[-13,-7],[-5,33],[8,113],[21,4],[10,27],[1,36],[-13,28],[17,39],[12,-41],[23,28],[33,21],[-8,-48],[-13,-14]],[[76632,57466],[-4,98],[-14,15],[-21,-14],[-1,51],[-6,13],[-8,78],[16,44],[4,-60],[14,-43],[14,-7],[19,-41],[16,-74],[13,-77],[-20,-45],[-18,17],[-4,45]],[[74735,62534],[9,-37],[-52,-81],[-11,-36],[-42,-38],[-17,56],[23,51],[27,1],[6,37],[57,47]],[[75064,63774],[-8,37],[6,27],[2,71],[22,-33],[21,-1],[16,-17],[17,-52],[-20,-10],[-18,-34],[-30,37],[-8,-25]],[[73405,67099],[-3,29],[-20,-21],[-11,19],[12,30],[23,25],[1,59],[11,0],[-2,86],[19,6],[-5,-36],[16,-38],[0,-52],[-18,-1],[-19,-43],[-4,-63]],[[76036,59377],[-5,62],[21,15],[28,54],[14,-92],[-37,-12],[-21,-27]],[[75219,63609],[-18,-33],[1,-56],[-20,-21],[-29,38],[-11,45],[16,10],[23,-12],[27,35],[11,-6]],[[75308,61988],[-9,43],[27,34],[-5,45],[15,61],[20,10],[10,-35],[1,-56],[-45,-37],[-14,-65]],[[74187,66143],[3,-34],[-16,-46],[-11,15],[-17,-14],[-23,43],[8,22],[31,-9],[-2,50],[27,-27]],[[73921,65930],[-10,20],[-3,49],[18,10],[21,-7],[10,-25],[-11,-55],[-25,8]],[[73101,67625],[30,-91],[5,-52],[-13,-9],[-21,46],[-8,79],[7,27]],[[73443,67837],[-8,-29],[7,-58],[-23,22],[1,77],[23,-12]],[[73256,67613],[25,8],[-8,-54],[-17,22],[-20,-11],[4,83],[16,-48]],[[73352,67315],[3,37],[22,13],[13,-47],[-31,-29],[-7,26]],[[73866,65962],[-1,26],[12,37],[16,-18],[13,-52],[-38,19],[-2,-12]],[[74976,62900],[-8,-11],[1,-46],[-16,0],[-13,61],[16,13],[20,-17]],[[73698,66333],[-3,35],[16,21],[12,-14],[3,-49],[-12,-10],[-16,17]],[[75989,59702],[-24,6],[-4,40],[22,13],[13,-38],[-7,-21]],[[74272,64781],[-14,39],[23,9],[7,-39],[-16,-9]],[[73166,66158],[-9,59],[23,-9],[0,-27],[-14,-23]],[[73707,66299],[-14,-28],[-26,22],[9,21],[20,4],[11,-19]],[[73095,67838],[-10,-28],[-14,3],[-1,44],[31,6],[-6,-25]],[[74595,62175],[-2,-60],[-7,-21],[-16,21],[12,45],[13,15]],[[73518,66638],[12,63],[14,-29],[-12,-30],[-14,-4]],[[73985,63320],[-3,32],[26,6],[6,-30],[-15,-17],[-14,9]],[[73221,67569],[-11,-17],[3,87],[7,-2],[1,-68]],[[74546,62109],[-7,42],[14,7],[12,-36],[-19,-13]],[[75133,62138],[24,27],[10,-29],[-30,-10],[-4,12]],[[73182,67832],[10,59],[10,-2],[-6,-56],[-14,-1]],[[74568,65679],[-1,36],[16,2],[8,-40],[-23,2]],[[78908,53270],[-35,21],[-11,43],[33,-28],[13,-36]],[[79368,54296],[19,-24],[36,-12],[3,-97],[7,-21],[-10,-66],[-36,-142],[-84,-374],[-87,-370],[-80,-368],[-28,-136],[-39,-212],[-21,-152],[-7,-80],[-2,-64],[4,-97],[13,-104],[-17,-100],[-24,-14],[-16,3],[-27,29],[-21,50],[-11,75],[-16,32],[-10,77],[2,47],[-10,35],[-14,83],[0,77],[-15,22],[4,30],[-29,50],[8,30],[1,69],[19,33],[11,52],[21,35],[4,75],[-9,58],[4,43],[26,80],[4,30],[37,86],[20,67],[4,38],[-1,74],[-11,64],[5,18],[-9,43],[11,56],[-10,94],[-20,6],[-14,-22],[-27,11],[-7,17],[11,35],[43,95],[22,15],[34,38],[83,129],[48,92],[48,130],[24,77],[20,82],[-3,22],[7,51],[1,81],[-11,53],[-37,118],[-30,84],[-30,49],[-21,19],[-30,6],[5,28],[41,87],[21,57],[23,48],[40,63],[53,52],[23,-5],[-9,-325],[2,-113],[13,-123],[20,-90],[17,-52],[21,-37]],[[79493,46940],[12,71],[20,17],[23,164],[-1,55],[21,19],[41,-80],[64,-30],[21,1],[-2,-33],[-21,-71],[-36,-178],[-24,-138],[-15,-96],[-17,-150],[-12,-169],[-13,-37],[-26,-38],[-20,5],[-8,48],[-17,44],[12,42],[-7,29],[4,60],[26,36],[5,20],[-20,96],[9,42],[-5,77],[-2,86],[5,61],[-4,30],[-13,17]],[[79442,48018],[7,51],[-3,103],[-8,38],[39,53],[32,9],[36,22],[24,24],[19,-14],[-13,-64],[-19,-120],[-16,-113],[-14,-118],[-8,-128],[-1,-167],[9,-83],[15,-43],[3,-69],[-8,-49],[-18,11],[5,63],[-23,95],[-11,79],[-29,108],[-3,45],[-13,54],[9,59],[0,35],[-15,99],[4,20]],[[79118,48708],[33,-243],[15,-83],[17,-75],[28,-86],[11,-70],[-14,-43],[-42,-10],[-11,28],[-7,51],[-28,53],[-5,53],[-45,62],[-3,44],[-10,31],[-19,29],[4,51],[15,51],[-21,68],[3,37],[33,32],[32,42],[14,-22]],[[79537,46095],[11,60],[-5,19],[13,27],[-18,-204],[-16,-224],[-4,58],[2,50],[-12,27],[-7,65],[4,36],[22,38],[10,48]],[[79494,46523],[-18,-40],[5,-22],[4,-74],[-14,-51],[-22,19],[-5,20],[17,55],[-17,20],[-1,50],[8,19],[43,4]],[[78810,52647],[-10,59],[34,67],[20,10],[14,-46],[-15,-55],[-13,-25],[-22,-21],[-8,11]],[[79473,46115],[23,8],[12,-16],[-5,-46],[-18,-41],[-25,3],[-5,24],[27,48],[-9,20]],[[79261,47411],[0,26],[16,23],[28,-32],[-2,-24],[-16,-31],[-19,10],[-7,28]],[[79445,46604],[0,-42],[-25,30],[1,54],[18,13],[-2,-48],[8,-7]],[[79414,46904],[-9,48],[36,21],[16,-27],[-26,-13],[-17,-29]],[[79243,47259],[8,34],[15,14],[7,-55],[-11,-30],[-19,37]],[[79390,46530],[20,-12],[-3,-28],[-16,-11],[-1,51]],[[79379,46417],[22,-5],[-11,-34],[-11,39]],[[78855,52487],[-10,2],[-2,52],[15,7],[-3,-61]],[[79430,46477],[8,-67],[-17,14],[9,53]],[[45216,34839],[0,944],[0,1725],[0,1325],[0,3677],[0,2651],[0,3963],[0,442],[0,519],[0,682],[0,514]],[[45216,51281],[429,0],[309,0],[312,0],[202,0],[298,0],[199,0],[396,0],[301,0],[384,0],[248,0],[251,0],[456,0],[332,0],[158,0],[406,0],[235,0],[485,0],[373,0],[285,0],[260,0],[314,0],[239,0],[292,0],[393,0],[455,0],[305,0],[344,0],[329,0],[174,0],[394,0],[276,0],[348,1],[345,1],[240,0],[351,1],[234,0],[234,0],[365,1],[338,1],[351,0]],[[62024,16430],[-68,11],[-22,12],[-40,-8],[-44,28],[-32,-4],[-16,-18],[-25,10],[-32,-33],[-71,15],[-29,-15],[-48,-9],[-28,54],[-50,39],[-23,9],[-13,-13],[-13,21],[-6,38],[-21,7],[-50,47],[-38,87],[-28,26],[-22,43],[-47,16],[-34,46],[-9,33],[-18,14],[-17,56],[-8,57],[-45,140],[-13,66],[-35,115],[-37,111],[-59,140],[-56,112],[-30,45],[-71,90],[24,45],[-2,53],[-32,66],[-42,49],[-24,53],[-38,27],[-17,-7],[-8,-32],[-18,2],[-7,31],[-23,29],[-48,109],[-23,32],[-7,36],[-20,47],[-30,42],[-33,112],[-48,90],[-17,52],[-33,81],[-54,186],[-24,42],[3,39],[15,13],[33,-10],[17,21],[7,33],[2,61],[-18,85],[-22,46],[-31,16],[-7,82],[4,64],[-29,67],[-40,56],[-32,66],[7,47],[29,6],[32,34],[14,28],[26,26],[45,31],[29,53],[26,36],[25,56],[20,74],[16,160],[2,146],[-3,88],[-22,167],[-34,209],[-29,161],[-19,94],[-42,168],[-27,119],[-41,165],[-76,262],[-90,269],[-57,151],[-38,95],[-55,127],[-99,209],[-43,85],[-74,137],[-87,151],[-79,126],[-82,118],[-72,99],[-99,127],[-114,128],[-88,84],[-99,74],[-70,43],[-42,17],[-37,7],[-26,-27],[-3,-29],[-39,-10],[-45,-22],[-45,-98],[9,-32],[-52,-53],[-60,-98],[-59,26],[-75,8],[-29,-32],[-154,7],[-49,-10],[-15,-24],[-45,-35],[-44,-9],[-37,11],[-51,46],[-22,38],[-25,24],[-2,59],[17,25],[13,38],[12,60],[64,123],[34,-15],[43,39],[51,56],[42,53],[51,160],[5,33],[15,37],[31,42],[27,21],[40,13],[42,45],[9,49],[1,62],[-7,79],[1,41],[20,21],[6,48],[11,23],[-3,57],[5,23],[-8,110],[6,28],[-5,56],[2,67],[19,77],[18,29],[2,28],[31,138],[-11,109],[1,58],[-17,91],[-31,234],[0,33],[18,77],[-1,65],[-14,39],[13,35],[24,22],[16,-24],[-8,-84],[8,-30],[35,-7],[14,22],[0,52],[-12,38],[-2,48],[-22,58],[-45,48],[-30,70],[-16,15],[-42,69],[16,64],[-22,68],[-12,1],[-16,66],[-17,6],[-42,55],[-17,43],[-15,86],[-13,38],[-40,42],[-17,37],[-30,32],[-9,24],[-8,115],[-25,139],[-22,57],[8,64],[-12,98],[-21,46],[-17,58],[-12,12],[-39,-7],[-14,35],[19,11],[7,52],[-12,84],[-18,51],[-14,11],[-8,36],[-33,71],[-5,32],[-19,21],[-30,-24],[-20,-71],[-11,-16],[-21,-91],[-6,-59],[-26,-39],[-10,-73],[28,-67],[-9,-115],[-11,-71],[-29,-60],[-57,-85],[-42,-91],[-6,-75],[-18,-70],[0,-36],[-19,-62],[-1,-152],[-12,-40],[0,-50],[23,-39],[21,-10],[-9,-50],[-21,-39],[-13,-64],[6,-78],[-17,-79],[-2,-65],[-13,-83],[7,-19],[-19,-47],[-25,-46],[-11,-70],[-8,-16],[-26,-102],[-5,-82],[12,-17],[-19,-26],[-10,-74],[-15,-37],[-23,-113],[6,-36],[4,-86],[-30,-4],[-23,-21],[31,-103],[-7,-54],[22,-31],[-38,-49],[-30,-13],[-32,-36],[-9,-50],[-62,-8],[-38,63],[-78,84],[-48,11],[-14,-16],[-60,55],[-62,6],[-71,-65],[-30,-39],[-17,-48],[4,-32],[-12,-18],[-30,7],[-18,-8],[-57,27],[-31,-16],[-37,-55],[-29,-74],[-3,-62],[-62,-37],[-36,17],[-14,-8],[-21,25],[-63,26],[-47,4],[-20,-6],[-27,-41],[0,-35],[-17,-7],[-4,-43],[-30,-6],[-2,-38],[-29,-12],[-34,1],[-24,-42],[-17,39],[-28,15],[-8,38],[-21,53],[2,44],[21,16],[1,114],[27,-12],[34,29],[6,64],[26,24],[10,30],[19,11],[11,32],[8,67],[18,47],[-7,70],[-31,114],[15,9],[8,35],[21,14],[9,28],[-2,57],[12,76],[-2,22],[22,16],[29,46],[-5,66],[55,-18],[40,-43],[23,-3],[91,12],[59,43],[31,-11],[77,31],[19,-18],[19,-69],[23,-21],[38,4],[19,-57],[21,-12],[48,34],[28,37],[27,55],[11,60],[4,122],[-1,107],[24,136],[3,71],[14,80],[7,122],[18,61],[5,70],[-4,118],[-14,65],[-11,27],[-10,72],[-9,19],[16,112],[-9,130],[-19,26],[-19,-10],[-13,-29],[-6,-53],[-16,-33],[-19,29],[-1,25],[19,27],[15,40],[12,87],[35,1],[15,76],[2,81],[21,71],[3,56],[-6,48],[4,162],[-23,101],[-27,62],[-20,89],[7,22],[35,-16],[19,11],[32,-4],[12,31],[2,46],[24,57],[34,130],[-11,62],[-40,60],[13,25],[26,11],[7,50],[54,104],[40,40],[-2,56],[-39,72],[21,34],[36,97],[35,46],[20,43],[32,41],[32,54],[14,88],[26,69],[26,49],[34,34],[13,39],[26,46],[13,39],[18,10],[20,34],[24,88],[19,26],[37,2],[7,-28],[-16,-51],[-11,-3],[-7,-38],[28,14],[11,36],[4,60],[9,50],[-2,50],[15,6],[6,-52],[21,-7],[16,71],[-45,-2],[-9,18],[7,104],[-14,25],[-5,56],[-25,86],[-4,35],[-47,97],[-7,23],[5,92],[12,17],[3,67],[-5,39],[-22,15],[-6,-33],[-26,35],[5,27],[-15,13],[-26,47],[-9,34],[3,40],[36,156],[20,-8],[-1,34],[39,42],[45,32],[24,-7],[16,48],[26,-13],[26,50],[34,4],[23,-50],[43,74],[8,62],[-25,33],[12,35],[-4,39],[-33,120],[-26,36],[-20,14],[-28,4],[-19,31],[8,48],[-25,120],[-3,53],[-19,160],[-17,61],[-10,78],[-5,71],[2,71],[37,32],[18,29],[-31,34],[-18,38],[-18,15],[-10,30],[-31,16],[-31,33],[5,27],[18,0],[13,41],[-3,34],[-18,49],[-24,23],[-47,89],[23,75],[21,19],[-17,40],[-29,6],[-29,20],[3,67],[-23,12],[-7,45],[-17,-58],[13,-78],[9,-126],[-3,-61],[-13,-90],[-4,-72],[9,-48],[-11,-31],[3,-47],[31,24],[13,-6],[9,-35],[17,-25],[12,-35],[-11,-33],[-8,-67],[11,-51],[-2,-21],[9,-75],[1,-56],[-25,-54],[9,-65],[-13,-64],[-50,16],[-6,-35],[11,-68],[23,-67],[12,-70],[-51,-6],[-36,14],[-12,48],[-29,41],[-43,25],[-37,-23],[-32,-45],[-24,-70],[7,-56],[-20,-12],[14,-37],[-31,-28],[-23,-63],[-30,-58],[-1,-26],[-35,-37],[-14,-4],[-11,-29],[-43,-26],[-18,-31],[-9,-37],[-6,-190],[-10,-46],[-24,-63],[-10,-50],[-34,-69],[-7,-81],[-1,-56],[10,-96],[-13,-57],[-20,-51],[0,-68],[-34,-50],[-16,-11],[-28,-80],[0,-36],[-13,-17],[-13,-98],[-14,-85],[-18,-26],[-16,-88],[-36,-83],[-6,-33],[-18,-44],[-39,-27],[-20,-50],[-61,-30],[-43,-2],[-34,8],[-21,-22],[-28,-10],[-13,-29],[-49,-19],[-57,-86],[-69,-65],[-31,-22],[-30,-35],[-45,-4],[-36,-11],[-28,-54],[-3,-26],[-53,-3],[-17,-12],[-52,-85],[-37,-42],[-28,-21],[-32,-7],[-40,-27],[-30,-72],[7,-51],[-26,-20],[-9,-23],[-57,-70],[-9,-22],[-49,-38],[-32,-10],[-51,-68],[-3,-12],[-65,-106],[-10,-56],[-13,-33],[11,-57],[-15,-53],[-17,-28],[-12,-66],[1,-33],[-33,-40],[-9,-31],[-40,-97],[6,-9],[-14,-73],[-55,-116],[-46,-75],[-19,-15],[-26,3],[-35,-14],[-31,-62],[-7,-50],[13,-18],[9,-53],[-28,-35],[-11,-30],[39,-12],[-7,-71],[10,-26],[-17,-39],[11,-24],[-10,-79],[-15,-15],[-33,46],[11,15],[-10,41],[-20,19],[-48,-6],[-18,-51],[2,-25],[-48,-17],[-15,26],[-20,-15],[-37,-56],[-24,-112],[-15,-50],[-1,-38],[12,-31],[28,1],[2,-71],[-29,13],[-4,32],[-21,8],[-31,-25],[-17,-33],[-9,-86],[2,-65],[-2,-78],[9,-17],[27,1],[9,-20],[-13,-30],[7,-25],[-4,-41],[-46,22],[-51,-85],[-10,-34],[-23,-47],[68,-25],[36,33],[33,-1],[19,10],[20,51],[11,3],[15,51],[12,-5],[22,26],[11,-34],[-2,-33],[32,2],[9,40],[1,119],[23,-29],[9,-70],[-16,-53],[3,-52],[-14,-82],[-15,-5],[-33,-55],[5,-83],[13,-27],[5,-59],[15,-14],[9,-55],[-7,-65],[11,-20],[10,-49],[-23,-15],[-4,-22],[-34,-7],[1,-39],[-24,9],[-3,48],[-19,79],[1,29],[-27,33],[-64,50],[-16,-2],[10,60],[-18,54],[-42,37],[-35,20],[-40,13],[-39,-4],[-33,-21],[-15,-121],[-31,-19],[13,-28],[-6,-65],[-41,26],[-22,-17],[-29,10],[6,91],[-12,43],[-14,3],[0,38],[-74,139],[2,11],[-73,123],[-14,33],[4,18],[-28,65],[-48,73],[-44,55],[-41,37],[-48,18],[-23,-24],[-10,19],[10,38],[25,8],[3,48],[-11,60],[-25,58],[-36,33],[-30,85],[-34,48],[-34,23],[-20,-5],[-17,-28],[-39,1],[-22,-20],[-17,-32],[-4,-54],[-20,4],[-6,39],[2,58],[11,35],[-6,47],[19,24],[4,52],[19,38],[19,69],[23,32],[8,58],[20,-1],[10,-62],[-7,-19],[6,-94],[14,-18],[50,-27],[47,4],[26,-27],[1,-25],[-22,-59],[8,-37],[36,-34],[28,-10],[10,-41],[-9,-41],[14,-47],[43,-10],[2,-41],[-28,23],[9,-44],[29,23],[16,-4],[51,23],[5,40],[37,-3],[23,12],[11,-20],[21,26],[-12,47],[-17,-14],[-40,23],[-9,14],[-22,-22],[1,-41],[-20,16],[17,97],[-2,64],[4,31],[-30,22],[-30,34],[-10,-18],[4,-40],[18,-71],[4,-73],[-35,-19],[14,80],[-6,58],[-12,49],[-12,13],[1,40],[24,45],[-10,158],[-16,30],[-25,28],[6,27],[3,82],[-13,45],[5,67],[-5,76],[-10,62],[3,23],[-10,78],[-40,172],[-17,52],[-16,26],[-29,15],[-25,46],[-18,18],[48,93],[-3,84],[11,41],[-17,108],[2,55],[-16,46],[-9,54],[-34,87],[-40,81],[-15,47],[4,26],[-14,58],[-17,15],[-10,-15],[-16,57],[-23,31],[-8,33],[-48,76],[-18,16],[-20,57],[-33,74],[-26,43],[-57,77],[-68,74],[-25,42],[-53,64],[6,34],[-22,23],[-13,-25],[-22,33],[-7,114],[20,92],[12,38],[-3,123],[-25,216],[-23,142],[-35,154],[-10,2],[-49,58],[-7,34],[-22,58],[-39,37],[-21,-1],[-12,38],[-34,50],[39,10],[8,15],[29,-19],[7,19],[-8,33],[1,45],[-25,71],[-21,4],[-26,30],[-46,-4],[-46,61],[-17,3],[-15,-34],[-28,-27],[22,-59],[3,-22],[42,-24],[12,24],[13,-17],[10,-51],[18,-31],[-16,-59],[-33,76],[-49,74],[-37,7],[-9,26],[-30,24],[-19,32],[-79,48],[-49,-13],[-12,-29],[-31,-40],[-23,-7],[-12,139],[-28,43],[-12,48],[-13,19],[-22,2],[-17,46],[-4,44],[12,14],[-6,30],[-14,11],[-20,-12],[11,-31],[-24,-20],[1,-67],[24,-50],[-2,-19],[24,-31],[24,17],[20,-58],[34,-19],[10,-27],[-17,-36],[-2,-35],[6,-52],[-29,-25],[-16,35],[-19,17],[-21,39],[-25,15],[-15,29],[9,41],[-10,127],[-9,1],[-22,124],[-20,34],[-33,13],[-43,-45],[-31,63],[2,37],[27,19],[32,-18],[15,26],[7,54],[-6,70],[-16,58],[-16,33],[-25,21],[-47,-27],[2,25],[-14,32],[-18,6],[-21,-40],[-18,11],[-10,28],[11,51],[-3,37],[31,20],[46,55],[9,70],[-5,43],[-21,94],[-41,100],[-25,30],[-18,50],[26,30],[16,1],[24,-27],[53,5],[28,-51],[48,-35],[-14,-61],[11,-73],[21,1],[27,41],[1,54],[12,38],[34,56],[11,57],[21,29],[-5,43],[15,67],[-16,24],[-7,129],[-16,102],[-23,68],[-39,74],[-55,123],[-28,38],[-39,33],[-24,11],[-45,-10],[-11,-36],[-31,25],[-21,5],[-49,-46],[-21,-40],[-1,-46],[-65,34],[-34,-6],[-18,-39],[0,-24],[-20,-31],[-3,-39],[-20,24],[-14,-12],[-15,24],[0,33],[-13,28],[21,72],[-16,60],[23,120],[-1,56],[31,9],[-2,-71],[9,-18],[21,12],[14,-10],[26,22],[14,26],[7,58],[-6,26],[-18,2],[-5,58],[-11,15],[-30,111],[-30,38],[-7,43],[-12,32],[-39,70],[-19,10],[0,39],[-27,12],[-13,-55],[-21,-3],[-12,-27],[-26,89],[9,22],[-3,41],[-9,20],[-54,25],[-38,-13],[-7,19],[6,64],[9,42],[-26,39],[-6,22],[1,80],[-16,5],[-23,28],[-13,-11],[-12,27],[-35,17],[-27,-32],[-12,-74],[15,-59],[-23,-39],[-17,-12],[-3,-30],[-25,10],[-19,43],[-25,-10],[-14,26],[10,49],[-24,7],[3,36],[-16,38],[-20,-6],[-16,-48],[-24,-30],[-18,5],[-30,-29],[-6,-30],[9,-58],[36,-11],[5,-18],[33,25],[29,-21],[8,-43],[-46,40],[-29,-18],[0,-31],[-25,-9],[-33,13],[-69,40],[-60,-2],[-20,-8],[-5,-33],[-24,-33],[-16,7],[-21,36],[-74,57],[-29,4],[-16,-13],[-1,-62],[-25,16],[16,33],[-5,25],[-51,103],[-64,88],[-30,19],[-36,42],[-35,-42],[-1,47],[-11,27],[-37,53],[-18,-1],[-24,41],[-20,13],[-78,122],[-37,42],[-60,57],[-48,30],[-42,-20],[-40,15],[-28,-18],[-51,45],[-49,20],[-58,5],[-32,-6],[-75,-34],[-32,-41],[-12,-29],[-13,-65],[6,-40],[27,-8],[17,-36],[-26,-4],[-47,69],[-33,-1],[-22,-29],[-54,-12],[-11,-42],[-81,15],[-9,-25],[-87,24],[-12,-9],[-34,26],[-13,37],[-22,7],[-29,66],[-19,72],[-19,40],[-33,42],[-11,26],[-101,118],[-57,88],[-71,93],[-75,82],[-6,21],[-69,98],[-169,183],[-29,27],[-129,129],[-126,115],[-36,26],[-46,43],[-28,18],[-36,36],[-35,23],[-47,45],[-103,85],[-19,9],[-63,50],[-53,24],[-27,-2],[-21,-33],[-46,-44],[-23,-43],[-11,-45],[-44,-47],[-122,-85],[-52,-28],[-79,-61],[-77,-26],[-80,2],[-87,16],[-103,35],[-44,8],[-39,-5],[-21,-14],[-51,-2],[-84,26],[-31,-2],[-87,3],[-99,29],[-38,0],[-36,-18],[-91,10],[-33,-10],[-19,-19],[-114,-4],[-27,5],[-70,-14],[-45,7],[-73,-21],[-28,-24],[-47,-12],[-88,1],[-66,-18],[-59,-8],[-92,1],[-22,-6],[-101,-12],[-41,-16],[-50,-10],[-43,-16],[-59,-11],[-29,2],[-45,-17],[-61,-9],[-8,-7],[-132,-20],[-78,-26],[-69,-9],[-57,-12],[-67,-35]],[[51597,33085],[-3,46],[13,41],[45,-12],[57,83],[-19,-68],[13,-32],[-12,-30],[-4,-49],[-12,-20],[-27,4],[-13,-36],[-11,6],[-27,67]],[[51540,33023],[2,24],[22,18],[12,-19],[-32,-34],[-4,11]],[[51940,32896],[9,13],[28,-3],[24,-62],[-17,3],[-17,27],[-27,22]],[[52871,28840],[10,34],[-6,30],[16,9],[5,125],[21,0],[18,25],[44,22],[14,-101],[-28,-15],[-25,-61],[-68,-99],[-1,31]],[[56944,26762],[19,55],[16,-18],[-2,-42],[10,-41],[-13,-25],[-11,-70],[-31,11],[-2,114],[14,16]],[[51236,32422],[-10,48],[42,21],[1,-29],[-12,-40],[-21,0]],[[52615,28254],[-11,28],[-2,38],[20,5],[4,-27],[-17,-22],[6,-22]],[[57246,23610],[29,10],[32,-6],[20,27],[16,-19],[-6,-71],[-31,5],[-27,-32],[-27,-49],[1,-40],[19,-29],[46,19],[35,-13],[3,-42],[-31,-29],[-22,-40],[-3,-40],[-35,-61],[-1,-35],[11,-19],[24,-10],[34,13],[58,-23],[53,1],[37,10],[51,37],[16,-3],[33,-99],[-19,-20],[-43,-73],[-21,-44],[7,-82],[27,15],[37,-14],[26,25],[-2,25],[-19,18],[-47,-1],[-3,35],[23,13],[1,27],[29,-33],[31,-12],[41,15],[42,84],[15,21],[2,88],[19,32],[51,-11],[42,3],[58,-31],[26,-31],[18,-5],[31,-59],[-2,-49],[7,-31],[23,-36],[22,-16],[30,-1],[-9,-30],[6,-42],[16,-27],[-33,-14],[-29,-40],[-22,-43],[-14,-11],[-10,-37],[-24,-30],[-26,4],[-70,69],[-48,40],[-40,15],[-38,-31],[-48,37],[-62,18],[-86,-3],[-24,-70],[-34,0],[-54,-21],[-26,-20],[-32,-40],[-21,-41],[-12,-53],[1,-40],[14,-52],[12,-17],[-2,-42],[-19,-57],[-29,-26],[-63,-23],[-29,-42],[-18,-44],[-26,-3],[-10,-26],[-21,-18],[-56,78],[-56,87],[-17,48],[-50,15],[-18,-8],[-43,16],[-20,-6],[-31,32],[-27,-2],[-11,15],[-43,6],[-21,-18],[-10,-83],[-43,-31],[-20,-38],[-41,45],[-14,-20],[-35,14],[-26,-19],[-73,26],[-35,-9],[-10,-17],[-31,1],[-39,-48],[-29,35],[-49,40],[-39,-7],[-23,-48],[-46,14],[-11,-35],[-30,-8],[-37,4],[-28,-51],[1,73],[-27,94],[-33,84],[-18,31],[-32,14],[-7,17],[-29,-19],[-33,35],[0,49],[-53,103],[-13,60],[14,53],[29,24],[-5,59],[10,21],[-3,32],[18,44],[-6,85],[19,48],[41,10],[17,-10],[35,14],[23,-2],[38,15],[20,23],[8,26],[47,-4],[40,35],[6,33],[24,1],[82,17],[23,19],[23,-4],[80,41],[33,-3],[37,11],[17,-5],[59,20],[22,-4],[40,30],[35,17],[6,26],[23,39],[29,-9],[31,33],[27,-9],[10,22],[17,-3],[15,31],[46,10],[50,41],[14,28],[34,-1],[21,-21],[29,5],[17,-15],[32,9],[62,-24],[20,22],[42,21],[23,-41],[20,1],[30,24],[25,42]],[[55252,25269],[-50,67],[1,15],[-38,9],[8,31],[-9,30],[36,33],[10,-32],[19,-21],[2,-28],[21,-63],[43,-63],[26,-30],[-7,-22],[4,-60],[-19,-42],[-16,0],[-19,41],[-3,57],[10,12],[-2,37],[-17,29]],[[55683,24842],[26,-12],[33,-34],[-4,-40],[-39,38],[-16,-10],[-15,28],[15,30]],[[54937,26093],[3,29],[-16,20],[15,36],[12,7],[16,-39],[-7,-73],[-23,20]],[[58591,25932],[26,-53],[7,-33],[-23,-10],[-18,7],[8,89]],[[55523,26272],[20,-6],[-4,-47],[-11,-12],[-18,31],[13,34]],[[45215,83420],[0,-543],[0,-566],[-1,-492],[0,-716],[0,-515],[0,-765],[0,-444],[0,-534],[0,-562],[0,-375],[0,-560],[0,-533],[0,-983],[0,-2127],[0,-738],[0,-539],[0,-404],[0,-567],[0,-568],[0,-371],[0,-4785],[0,-674],[0,-1835],[0,-1099],[0,-2237],[0,-1212],[0,-1103],[0,-912],[0,-4404],[0,-976],[2,0]],[[45216,34839],[-55,-20],[-20,-20],[-73,-46],[-63,-65],[-68,-54],[-20,-31],[-23,-18],[-26,-36],[-67,-61],[-34,-50],[-30,-23],[-26,-49],[-65,-36],[-9,-24],[-26,-6],[-39,-23],[-19,-30],[-48,-45],[-2,-13],[-40,-20],[-43,-46],[-34,-10],[-121,-101],[-33,-20],[-30,-31],[-37,-17],[-57,-42],[-94,-56],[-11,-13],[-54,-32],[-65,-53],[-15,-3],[-46,-32],[-59,-28],[-39,-10],[-53,-32],[-34,-4],[-113,-49],[-13,1],[-117,-51],[-20,-19],[-73,-38],[-27,-32],[-49,-22],[-52,-46],[-42,-67],[-52,-7],[-40,-16],[-57,-34],[-21,-4],[-74,-38],[-27,-24],[-45,-18],[-78,-20],[-35,-19],[-62,1],[-87,-17],[-70,-6],[-21,-12],[-67,-10],[-69,-20],[-138,1],[-65,16],[-40,1],[-59,-40],[-81,-7],[-107,22],[-58,3],[-139,33],[-79,24],[-59,33],[-20,19],[-95,34],[-50,26],[-17,17],[-36,9],[-47,-8],[-22,-16],[-56,-69],[-56,-35],[-52,23],[-18,-17],[-64,-21],[-39,-25],[-73,-76],[-43,-60],[-15,-6],[-80,-78],[-69,-98],[-13,-8],[-59,-86],[-30,-32],[-51,-91],[-39,-42],[-43,-64],[-39,-69],[-27,-21],[-8,-17],[-71,-35],[-12,-25],[-48,-37],[-27,-14],[-43,-3],[-29,-10],[-105,-69],[-58,-58],[-17,-8],[-45,-55],[-45,-42],[-75,-84],[-28,-40],[-108,-39],[-13,-21],[-15,-52],[-27,-35],[-40,-25],[-42,-56],[-30,-61],[-10,-38],[-32,-42],[-47,-33],[-33,-46],[-58,-40],[-42,-42],[-89,-32],[-26,-2],[-71,-24],[-114,-23],[-108,-26],[-91,-39],[-55,-31],[-69,-61],[-58,-63],[-40,-49],[-93,-174],[-44,-101],[-21,-58],[-31,-119],[-18,-97],[-10,-93],[-40,-187],[-27,-95],[-24,-107],[-17,-109],[-8,-27],[-17,-161],[0,-55],[-9,-149],[-25,-58],[-38,-20],[-9,-30],[-51,-12],[-28,-28],[-6,-22],[6,-73],[-28,-18],[-60,-71],[-50,-97],[-25,-72],[-8,-61],[-6,-87],[12,-54],[-16,-43],[-37,-13],[-21,-20],[-15,-37],[-50,-43],[-32,-94],[-20,10],[-18,-20],[-23,5],[-24,-19],[-17,-43],[-6,-59],[-14,-34],[-27,-20],[-22,-2],[-5,56],[-30,36],[-44,27],[-61,22],[-34,-1],[-42,-15],[-19,-41],[-20,-15],[-5,-47],[-26,-51],[-22,-62],[-24,-5],[-28,-58],[-40,20],[-16,-28],[-69,-52],[5,88],[-16,28],[6,36],[-3,52],[-48,140],[-33,45],[-52,50],[-46,23],[-24,-3],[-16,-38],[1,-31],[-57,-21],[-31,9],[-53,-10],[-36,-33],[-18,3],[-39,-15],[-12,-14],[-25,59],[-28,22],[-36,11],[-18,-10],[-16,-43],[-12,12],[-111,9],[-11,-16],[-29,8],[-38,-25],[-28,-55],[14,-71],[-18,-24],[-19,18],[-9,27],[-23,6],[-19,-15],[-21,-40],[-8,38],[-88,61],[-63,22],[-34,0],[-22,-9],[-25,-34],[-30,-13],[-46,-52],[-27,-55],[6,-47],[11,-16],[-44,-42],[-3,20],[-25,28],[-7,-21],[-39,-35],[-73,-20],[-11,22],[-32,-31],[-6,71],[13,37],[-7,43],[-19,74],[-21,106],[-40,95],[-15,21],[-22,51],[-31,38],[-29,10],[-26,-23],[-19,8],[-32,-2],[-25,-12],[-18,-25],[-12,-48],[11,-26],[-20,-29],[-18,17],[-17,-30],[-38,0],[-20,-27],[-28,-10],[-22,-24],[-15,32],[-46,55],[-58,46],[-32,-1],[-23,-62],[-22,-10],[-19,41],[-66,83],[-47,44],[-29,11],[-7,-22],[-31,-19],[-30,33],[-34,8],[-29,15],[-14,-21],[-41,26],[-53,9],[-19,-36],[-42,20],[-27,-12],[-3,-40],[-25,-7],[-14,-26],[-19,11],[-52,13],[-26,-6],[-27,-63],[-31,3],[-13,18],[-36,24],[-44,5],[-28,-33],[-42,9],[-40,-11],[-8,-29],[-40,6],[-56,19],[-33,-11],[-15,13],[-52,15],[-40,-29],[-47,-65],[-41,8],[-26,-9],[-67,-12],[-44,23],[-44,-2],[-14,-16],[-53,17],[-21,-6],[-35,-25],[-12,-21],[5,-60],[-37,-18],[-27,-25],[-11,-24],[-28,-25],[-16,-1],[-6,-28],[-27,8],[-24,-20],[-49,30],[-85,35],[-28,17],[-23,2],[-97,26],[-88,-13],[-26,-23],[-43,-21],[-8,21],[-29,16],[-23,24],[-45,23],[-46,-39],[-31,-2],[-10,-50],[-51,-63],[-28,21],[-106,-2],[-64,-61],[-16,-36],[-17,-68],[-20,-32],[-23,-9],[-25,-58],[-31,-2],[-43,-55],[-16,3],[-42,-46],[-8,-38],[-49,-72],[-24,-55],[-4,-41],[13,-11],[-47,-81],[-33,-81],[-23,-85],[-15,-92],[-32,24],[-15,-16],[23,-29],[23,15],[-6,-98],[4,-65],[8,-37],[30,-23],[16,-41],[40,14],[3,-37],[-33,0],[-14,-11],[-29,-48],[-19,-5],[-32,18],[17,36],[-14,51],[-41,-10],[-16,36],[-39,-23],[-22,-38],[11,-18],[-19,-57],[-2,-23],[16,-34],[2,-33],[-7,-46],[-21,-20],[-2,-51],[-16,4],[-22,26],[15,34],[-6,26],[-22,22],[-51,2],[-36,-27],[-18,-34],[11,-27],[-6,-28],[11,-22],[2,-46],[-10,-19],[-27,-8],[-9,-41],[-41,6],[24,42],[-18,37],[-36,34],[-29,16],[-15,-27],[-31,6],[-4,28],[-15,18],[-92,54],[-15,-14],[-35,19],[-68,17],[-36,-1],[-35,-11],[-36,-28],[-10,-40],[10,-31],[-8,-35],[-26,5],[-53,-6],[-57,-30],[-62,-78],[-18,-37],[-14,-63],[9,-58],[14,-25],[31,-17],[-12,-27],[-20,-9],[-15,-51],[-40,-54],[-20,7],[-26,-28],[-30,-16],[-16,-28],[-6,-33],[-35,12],[-28,-32],[-64,-20],[-9,-14],[-41,-22],[-10,-22],[-19,-5],[-33,-27],[-32,-40],[-40,-80],[-25,-86],[-15,-105],[1,-95],[37,-16],[4,-44],[-50,-31],[-17,15],[-30,-5],[-37,23],[-18,-19],[-25,-1],[0,-24],[-34,0],[-23,9],[-8,-21],[-24,4],[-23,-20],[-18,-38],[3,-17],[-43,7],[-12,-34],[0,-42],[17,-24],[19,5],[20,-21],[2,-25],[-16,-36],[8,-29],[-18,-41],[-23,29],[-11,51],[-25,16],[-69,13],[-30,-13],[-26,-25],[-17,-46],[-56,-6],[-14,20],[-54,-8],[-15,47],[29,4],[11,14],[1,37],[-10,47],[8,24],[-42,27],[-6,-37],[2,-68],[-7,-31],[10,-22],[-24,-19],[-18,-34],[2,-55],[-22,-8],[-30,27],[-35,5],[-14,-50],[8,-33],[36,-27],[12,-35],[30,-20],[36,21],[6,-33],[27,-19],[29,-3],[33,25],[5,-32],[-42,0],[-9,-39],[-23,-29],[-22,13],[-23,-7],[-18,18],[-23,-17],[-14,32],[-22,-2],[-21,42],[-28,33],[-81,72],[-31,21],[-62,17],[-45,3],[-42,-46],[8,-63],[-20,-19],[0,-34],[-12,-34],[9,-36],[-30,-23],[-10,48],[-65,83],[-51,38],[-14,-1],[-30,-45],[-13,10],[-4,34],[-59,59],[-22,28],[-86,73],[-32,-7],[1,22],[36,34],[43,9],[3,-23],[43,-42],[37,15],[3,34],[16,-5],[15,29],[-15,69],[-19,17],[-25,-38],[-22,-13],[-24,32],[-25,13],[-25,-1],[-15,-61],[-13,10],[-18,-25],[1,-28],[-15,-29],[7,-43],[-11,-39],[-14,20],[-40,33],[-29,14],[-24,-24],[-34,26],[-25,8],[-31,-5],[-29,-31],[-1,-43],[-21,-34],[-65,67],[-26,8],[-20,-21],[-16,20],[-32,16],[-31,-15],[-37,24],[-26,8],[-31,-20],[-16,-30],[-12,-79],[-26,23],[-21,2],[-9,21],[-36,-8],[-21,30],[-19,-8],[-24,45],[-52,35],[-28,-1],[-24,-27],[8,-21],[-18,-22],[-35,32],[-27,-16],[-42,-48],[-15,6],[-30,-28],[4,36],[-33,43],[-20,-6],[-30,25],[-5,18],[-48,41],[-44,-14],[-24,-21],[-8,36],[-21,34],[-50,67],[-69,70],[-4,20],[-37,30],[-41,50],[-21,16],[-47,57],[-62,47],[-44,16],[-43,34],[-45,20],[-53,-14],[-53,23],[-44,12],[-36,-11],[-7,27],[11,39],[-25,89],[-37,75],[3,45],[-12,52],[-121,234],[-95,174],[-91,157],[-36,51],[-56,95],[-68,97],[-42,54],[-46,42],[-22,-2],[-32,55],[-48,34],[-47,68],[-49,55],[-68,57],[-37,20],[-40,13],[-73,13],[-63,-9],[-70,-33],[-4,57],[32,34],[-1,40],[-27,-8],[-14,-50],[3,-46],[15,-42],[-4,-73],[-16,-51],[-27,-1],[-36,104],[-28,36],[-13,43],[-45,90],[-23,16],[-12,38],[10,55],[-12,42],[15,24],[6,39],[-13,104],[-15,76],[-38,108],[17,58],[-10,38],[5,70],[0,82],[-16,71],[1,33],[-14,53],[17,24],[0,59],[-7,29],[-6,122],[-7,30],[22,63],[1,53],[8,104],[-16,91],[6,27],[-25,146],[22,19],[12,76],[21,27],[20,76],[-5,46],[-27,163],[8,16],[-10,76],[30,-13],[15,-28],[27,-1],[11,-34],[36,-35],[17,-45],[12,-81],[19,-34],[120,-80],[77,-15],[64,8],[109,62],[36,40],[41,68],[18,45],[46,96],[83,191],[39,78],[26,88],[16,72],[27,164],[24,65],[19,-2],[23,36],[14,63],[5,199],[0,113],[8,164],[-12,219],[-16,193],[-15,123],[-8,116],[-27,167],[-7,128],[-9,82],[-12,171],[-9,61],[1,52],[34,204],[24,49],[9,2],[43,107],[13,47],[17,11],[14,-51],[-5,-50],[-33,-40],[-23,-9],[-11,-38],[7,-24],[-24,-19],[-17,-35],[7,-100],[14,-38],[0,-43],[21,-75],[1,-76],[26,-75],[2,-39],[43,-44],[6,81],[-23,42],[3,36],[-15,45],[-7,62],[-18,37],[0,71],[-25,54],[5,59],[46,-84],[37,25],[21,-34],[41,33],[-9,21],[9,38],[4,60],[-20,12],[-6,66],[-15,12],[-34,-15],[-6,40],[4,42],[-14,53],[23,14],[16,51],[9,67],[6,106],[-6,87],[-22,68],[-24,45],[30,16],[11,42],[-4,82],[-13,32],[-40,14],[1,50],[-5,30],[38,4],[20,29],[22,47],[5,39],[-5,37],[18,46],[9,73],[-7,45],[-10,9],[2,71],[-12,28],[8,69],[-16,69],[-4,61],[-13,18],[30,39],[9,44],[16,-8],[12,49],[41,-34],[13,-2],[6,50],[22,12],[9,-32],[5,-63],[20,12],[-17,32],[-2,74],[-10,44],[5,27],[18,-13],[20,24],[-34,22],[-45,-52],[-2,-29],[-15,-40],[-25,-13],[-14,46],[-13,-2],[-2,-57],[14,-20],[-11,-25],[-26,-2],[4,-38],[-24,-4],[13,45],[0,81],[5,64],[2,210],[-6,77],[1,78],[-5,40],[-29,81],[6,33],[0,55],[-20,136],[-12,31],[-5,41],[-20,81],[-8,65],[-30,88],[-39,157],[-19,62],[-20,44],[-7,36],[-34,70],[-5,53],[-17,35],[-19,109],[-51,161],[-15,26],[-62,179],[-26,69],[-23,136],[-35,143],[-6,60],[-20,121],[-40,143],[-18,83],[-11,29],[-9,85],[-16,73],[-28,76],[-61,218],[-44,118],[-25,28],[-17,-6],[2,62],[-4,55],[-32,145],[-16,47],[-2,35],[-29,153],[-15,47],[-9,49],[-17,48],[1,33],[-22,38],[11,76],[-8,37],[-20,33],[0,22],[-27,47],[18,37],[3,38],[-12,85],[-18,77],[2,76],[-6,97],[-7,71],[-30,59],[25,49],[6,51],[-8,85],[-17,52],[-37,32],[-5,107],[16,80],[-7,79],[-25,154],[-29,21],[3,49],[-8,15],[6,100],[8,24],[-7,33],[-2,60],[14,47],[13,109],[-4,65],[-2,102],[4,51],[-23,106],[-2,73],[-5,42],[-2,73],[3,76],[-1,137],[8,51],[2,67],[10,56],[5,73],[0,77],[13,72],[16,61],[-3,68],[-32,156],[-8,55],[-12,34],[0,109],[-17,90],[-28,62],[-8,74],[-9,28],[11,31],[-5,50],[-25,109],[-18,121],[-1,33],[-19,86],[-3,35],[-23,66],[-33,79],[-42,78],[-26,59],[-43,78],[-40,81],[-53,91],[-35,83],[-25,51],[-16,44],[3,29],[-15,50],[6,38],[-13,70],[-12,35],[-20,10],[-28,35],[41,12],[13,34],[7,102],[-12,87],[-8,29],[10,64],[-11,48],[-4,67],[-9,41],[-29,94],[-17,69],[-10,61],[-9,19],[-39,126],[-43,107],[-79,145],[-10,56],[-28,73],[1,26],[-11,38],[-35,72],[-1,15],[-27,45],[-30,76],[-19,79],[-18,21],[-42,33],[-34,53],[-21,19],[-15,56],[-55,138],[-18,20],[-10,56],[-18,193],[-22,202],[-15,114],[-15,89],[-20,106],[18,165],[11,68],[28,96],[9,9],[12,90],[-14,156],[-17,114],[-15,66],[-19,121],[-6,69],[-10,58],[-25,113],[-28,113],[-24,109],[-16,54],[-28,123],[-37,126],[-69,251],[-113,380],[-38,119],[-25,115],[-29,79],[-15,59],[-39,98],[-29,91],[-40,95],[-16,52],[-23,51],[-20,62],[-25,57],[-9,38],[-81,208],[-114,240],[-81,142],[-25,53],[-23,34],[-42,82],[-43,74],[-31,63],[-9,29],[-37,70],[17,34],[-22,87],[10,43],[-15,53],[-16,87],[-19,64],[-46,128],[-46,92],[-29,46],[-14,51],[-16,31],[11,22],[11,-26],[30,-33],[5,-28],[37,-13],[53,-38],[9,-137],[18,37],[-6,32],[3,61],[-7,26],[13,35],[8,59],[5,121],[-6,20],[6,53],[-10,20],[3,68],[-3,43],[18,56],[19,-135],[-6,-40],[11,-28],[-2,-26],[8,-49],[4,-181],[-1,-53],[6,-31],[-9,-19],[8,-37],[-8,-32],[5,-78],[12,-75],[4,-56],[-13,-22],[9,-29],[-6,-24],[17,-29],[10,7],[11,40],[12,-21],[4,-45],[-11,-56],[14,-22],[-3,-31],[22,-20],[3,37],[-1,75],[-16,31],[-17,61],[-6,79],[-13,19],[13,51],[5,95],[12,17],[-3,78],[26,28],[-6,137],[6,32],[6,98],[-17,29],[2,61],[-23,42],[10,23],[-4,44],[-10,21],[17,22],[14,-79],[12,-42],[-3,-73],[20,-39],[-5,-24],[20,-39],[11,2],[11,-40],[-6,-45],[10,-26],[21,-4],[6,-133],[16,-27],[3,-91],[25,-51],[0,-114],[5,-34],[22,-43],[-12,-70],[21,-2],[4,-54],[-29,8],[-3,-41],[15,-27],[8,-35],[-3,-32],[-21,-24],[5,-18],[-13,-31],[-4,-71],[13,-31],[19,23],[7,33],[-5,39],[12,32],[-5,25],[4,88],[11,10],[3,52],[9,11],[5,55],[-21,58],[5,41],[-23,36],[19,26],[6,51],[25,1],[10,-21],[3,-38],[-9,-29],[23,-108],[-9,-84],[18,-63],[2,-102],[-3,-70],[-12,-20],[16,-73],[18,-10],[1,-23],[-18,-72],[-7,-56],[-1,-65],[15,-18],[22,-50],[9,50],[-3,52],[14,47],[-6,51],[1,40],[32,1],[-1,67],[13,52],[16,-90],[-6,-81],[-8,-27],[8,-37],[-12,-53],[9,-15],[4,-107],[32,6],[2,-45],[10,-52],[-8,-9],[-2,-58],[7,-18],[18,19],[4,26],[35,-10],[-21,42],[-4,40],[13,42],[23,35],[15,-4],[20,-26],[22,27],[15,56],[24,-11],[10,-36],[28,-17],[9,30],[-4,68],[31,75],[10,0],[32,42],[31,99],[5,76],[-9,162],[-17,52],[6,41],[15,48],[-7,49],[4,39],[-26,89],[-32,51],[-8,33],[-48,75],[-25,27],[-43,36],[-79,33],[-20,68],[6,35],[-7,22],[-27,38],[-5,39],[-24,45],[-5,42],[-29,36],[-7,33],[-43,7],[-13,27],[12,35],[-12,34],[-9,68],[11,56],[-1,29],[-19,31],[-7,95],[5,56],[-19,37],[-40,41],[9,51],[2,54],[-11,25],[-6,65],[-27,53],[-22,22],[-22,43],[3,34],[13,8],[7,38],[-9,47],[-8,91],[9,25],[-21,70],[-17,-12],[0,-46],[20,-51],[-8,-74],[-24,37],[-9,43],[-24,40],[6,129],[19,157],[24,43],[8,46],[16,57],[9,49],[19,21],[18,70],[1,36],[16,32],[8,-39],[3,-63],[-5,-50],[14,-150],[18,-52],[46,-35],[20,28],[7,-121],[11,-84],[22,-70],[29,-44],[28,-20],[13,-26],[13,-52],[25,-46],[19,-17],[25,3],[4,-76],[-7,-61],[7,-70],[7,-14],[30,-8],[15,-18],[-4,-77],[-15,-59],[-15,-16],[-8,-53],[5,-89],[-7,-19],[6,-77],[-20,-41],[-11,-7],[-18,-43],[7,-116],[-7,-18],[5,-102],[6,-67],[29,-88],[-4,-70],[28,-3],[20,40],[5,-61],[15,-6],[23,22],[29,76],[42,140],[7,38],[25,60],[4,39],[19,41],[9,79],[-1,41],[-8,23],[-10,98],[-9,48],[-1,51],[9,22],[25,-42],[22,3],[13,-70],[-12,-24],[-17,-100],[2,-38],[19,-55],[-6,-88],[4,-70],[17,-54],[25,6],[14,-35],[-19,-138],[3,-51],[9,-52],[22,-46],[-11,-76],[24,-76],[0,-81],[11,-74],[65,-127],[46,-81],[8,-41],[20,-38],[4,-57],[13,-6],[13,32],[19,22],[9,31],[20,38],[38,46],[14,58],[38,24],[33,52],[-2,64],[13,21],[18,62],[0,84],[-8,26],[-39,87],[2,60],[-19,59],[-5,67],[4,35],[19,13],[21,70],[8,-74],[22,-2],[18,30],[1,30],[-11,52],[-15,27],[-4,38],[10,54],[-2,38],[-22,51],[1,25],[-21,43],[0,42],[-15,33],[-6,59],[5,20],[31,27],[6,-44],[29,-24],[19,27],[-16,80],[2,92],[23,79],[-2,36],[-42,24],[-9,39],[-20,13],[-14,49],[-35,61],[-7,35],[-17,16],[-6,24],[-33,63],[-18,44],[-8,47],[7,35],[-40,92],[-65,79],[-12,56],[-22,61],[-23,29],[-10,81],[-10,1],[-5,102],[-39,148],[-19,51],[5,25],[-11,64],[-22,64],[-28,58],[8,43],[-9,8],[-19,65],[6,23],[-6,81],[-12,42],[-17,34],[-13,43],[3,40],[-23,34],[2,34],[-16,139],[-21,59],[-9,41],[-20,54],[-17,7],[-28,53],[-41,25],[-22,35],[-38,83],[-15,75],[-18,51],[-11,59],[-6,138],[11,85],[23,47],[-12,12],[-12,66],[-32,76],[28,41],[20,16],[-6,22],[-45,-46],[-38,21],[-2,37],[12,26],[8,52],[4,58],[-1,71],[-4,37],[-17,69],[-31,74],[-26,76],[-14,26],[-38,104],[-29,61],[-41,122],[-25,53],[-26,33],[-38,99],[-6,46],[-21,35],[-4,128],[-7,82],[6,129],[5,47],[-6,55],[4,108],[-13,85],[-7,109],[25,10],[29,55],[19,66],[-4,145],[-26,94],[-4,28],[13,25],[-1,72],[-8,31],[15,39],[22,2],[15,50],[17,136],[-8,127],[8,32],[-1,35],[15,41],[22,34],[22,68],[9,53],[2,102],[18,65],[31,24],[17,38],[16,76],[8,57],[9,17],[8,107],[20,32],[4,62],[27,27],[24,60],[35,30],[38,48],[27,70],[25,30],[23,38],[12,36],[3,57],[13,26],[7,41],[3,89],[0,107],[-8,33],[3,50],[11,10],[5,143],[6,41],[-3,67],[-11,53],[-15,123],[2,59],[-5,47],[-11,21],[2,56],[8,52],[-1,39],[-13,22],[37,35],[36,74],[23,150],[0,104],[-13,48],[9,51],[-11,99],[-2,50],[-21,60],[-11,94],[-1,38],[-23,91],[-8,75],[-23,84],[-20,51],[-44,67],[-21,-2],[-25,-20],[-9,21],[1,43],[22,89],[-7,56],[-19,71],[9,36],[-2,49],[-27,39],[16,96],[44,36],[28,73],[-12,45],[24,8],[18,66],[10,55],[8,105],[-2,21],[23,70],[13,5],[9,47],[20,38],[35,137],[17,90],[-1,35],[5,60],[16,49],[16,138],[12,75],[21,79],[14,101],[28,152],[13,36],[5,49],[11,19],[2,78],[11,22],[9,43],[23,41],[7,48],[14,26],[18,60],[4,43],[33,47],[8,23],[19,12],[27,43],[21,13],[10,34],[42,36],[14,-11],[26,12],[32,48],[17,-19],[5,-28],[21,-34],[-16,-25],[-43,-126],[1,-27],[-15,-130],[3,-64],[-23,-167],[-3,-44],[-9,-43],[-1,-42],[-10,-59],[-9,-23],[-12,-114],[-5,-17],[-13,-107],[6,-101],[10,-35],[30,-63],[4,-54],[24,-51],[-13,-57],[4,-95],[8,-17],[31,55],[32,-7],[-4,-50],[11,-66],[-6,-29],[-26,-39],[-19,-67],[-20,-24],[-12,-42],[0,-55],[7,-28],[-8,-35],[0,-59],[30,-94],[7,-31],[16,-21],[31,5],[25,25],[26,50],[-3,32],[15,43],[-5,26],[25,9],[29,53],[29,20],[10,-9],[27,6],[13,-23],[6,-58],[-5,-75],[18,4],[36,-20],[33,39],[6,50],[9,19],[-14,33],[5,53],[11,13],[-5,51],[16,130],[13,29],[32,-11],[-32,61],[0,23],[18,70],[14,16],[20,-26],[13,31],[-27,12],[-10,40],[8,28],[41,51],[-18,37],[-3,25],[8,57],[34,5],[10,14],[-12,46],[-32,72],[34,14],[29,-26],[11,35],[-10,51],[10,33],[21,-4],[-8,39],[18,77],[-18,50],[25,1],[22,23],[4,90],[15,6],[16,32],[-7,35],[26,2],[11,32],[21,15],[4,107],[19,60],[16,28],[7,150],[-2,48],[46,61],[14,-15],[18,55],[33,44],[30,-4],[36,14],[32,39],[46,75],[24,13],[47,88],[22,19],[23,40],[10,29],[30,-1],[47,45],[76,-39],[26,22],[18,4],[37,61],[25,57],[15,20],[15,-29],[30,-2],[16,20],[23,55],[24,12],[25,42],[20,-19],[22,44],[73,-18],[29,12],[20,20],[32,49],[18,9],[28,39],[37,-6],[10,25],[-4,30],[8,26],[34,-16],[28,64],[15,-19],[19,-53],[16,0],[-1,29],[12,52],[-13,21],[2,35],[19,23],[0,41],[17,49],[18,28],[30,6],[-5,53],[41,85],[14,16],[33,83],[37,70],[18,9],[4,31],[36,2],[21,49],[-2,27],[15,25],[17,-3],[6,-20],[20,12],[18,26],[15,58],[7,-51],[25,52],[7,-38],[14,17],[-11,31],[22,15],[26,-19],[17,107],[1,31],[22,35],[8,53],[16,41],[18,98],[54,135],[27,12],[73,99],[56,31],[42,35],[10,-2],[37,40],[9,-8],[56,39],[37,71],[21,-22],[11,25],[-4,47],[7,32],[1,151],[3,39],[10,30],[4,84],[30,-29],[17,-43],[18,1],[13,-18],[27,-13],[18,-20],[44,17],[10,11],[24,84],[20,-11],[60,38],[52,8],[33,15],[36,69],[12,12],[26,52],[-3,19],[17,47],[38,18],[52,18],[31,58],[30,17],[42,79],[29,19],[23,29],[9,43],[21,26],[1,23],[30,-4],[12,25],[-10,20],[19,66],[26,50],[18,75],[28,25],[-3,57],[18,13],[38,11],[22,-2],[0,-32],[-11,-16],[-47,-115],[1,-51],[-12,-32],[-26,-115],[-4,-49],[29,-88],[20,-37],[59,-43],[27,5],[10,-9],[23,14],[48,48],[-1,25],[16,33],[11,-3],[14,41],[19,31],[57,24],[14,-46],[38,76],[26,12],[40,-57],[24,5],[11,77],[17,38],[21,29],[8,28],[18,-55],[9,5],[14,-62],[-26,-20],[-13,-32],[-11,-64],[5,-27],[18,20],[-2,36],[29,-19],[-24,-39],[34,-45],[22,9],[38,-29],[34,-52],[15,9],[16,-16],[29,-8],[18,-17],[25,-4],[27,-29],[22,-14],[7,44],[15,17],[62,-3],[46,13],[28,21],[45,14],[65,58],[15,-15],[16,57],[23,12],[27,33],[15,-3],[7,-81],[11,11],[16,47],[10,-20],[11,38],[22,-62],[25,17],[34,10],[44,36],[12,27],[39,47],[23,42],[16,13],[37,51],[6,56],[12,14],[-4,30],[5,32],[24,25],[16,-8],[35,34],[27,-22],[-5,51],[-16,14],[17,81],[-6,47],[66,21],[15,12],[41,48],[26,56],[8,35],[28,18],[95,133],[33,34],[29,62],[19,-3],[1,-64],[-20,40],[-12,-15],[6,-44],[-17,-15],[1,-40],[44,28],[9,-35],[14,42],[16,18],[38,-8],[14,36],[27,10],[18,-18],[5,24],[63,61],[13,-79],[24,-24],[-2,37],[38,18],[11,-8],[23,28],[40,-2],[12,17],[18,-26],[24,-6],[7,35],[26,-16],[6,43],[28,36],[-2,27],[52,25],[-8,-48],[0,-54],[18,-24],[41,19],[-3,20],[-21,0],[-20,20],[0,19],[57,15],[26,21],[12,-40],[49,-41],[19,31],[33,22],[36,36],[17,25],[28,17],[39,5],[32,-6],[11,30],[1,47],[16,68],[26,13],[10,51],[10,22],[31,98],[18,28],[22,14],[25,29],[23,47],[12,38],[15,69],[10,100],[14,60],[16,-1],[66,34],[20,22],[16,32],[17,59],[-4,39],[11,29],[31,-4],[41,-50],[12,-69],[19,-36],[52,-24],[5,19],[-51,23],[-8,50],[7,99],[17,18],[46,-5],[56,-55],[66,-30],[21,-18],[32,7],[43,-15],[17,-21],[30,-1],[19,10],[33,-62],[36,17],[28,-18],[10,-45],[44,-66],[66,-57],[67,37],[40,40],[30,48],[14,54],[-3,27],[30,26],[7,-36],[1,-51],[20,3],[13,29],[17,4],[-2,61],[4,32],[-14,20],[15,22],[15,0],[9,-27],[15,12],[-8,40],[38,-36],[38,-5],[27,9],[88,57],[47,19],[51,27],[52,-2],[62,16],[106,44],[30,-6],[64,4],[140,84],[38,26],[86,72],[36,15],[35,32],[107,80],[14,4],[66,56],[45,19],[44,27],[83,74],[72,68],[24,19],[88,80],[71,55],[126,103],[48,56],[47,63],[59,72],[30,45],[30,34],[49,72],[86,137],[67,131],[20,50],[52,104],[46,106],[52,136],[84,237],[102,313],[20,118],[-9,20],[25,53],[24,84],[15,85],[-5,41],[24,33],[30,112],[5,103],[14,0],[13,33],[18,89],[26,54],[-11,26],[9,76],[-3,44],[-21,42],[-21,5],[-3,63],[11,30],[40,9],[22,-37],[35,39],[35,-1],[28,19],[14,62],[25,14],[38,56],[-12,56],[2,43],[-21,68],[-23,32],[-37,16],[2,23],[36,30],[12,24],[23,89],[5,34],[24,-16],[-14,96],[12,36],[32,67],[22,9],[21,-58],[25,-23],[51,30],[44,63],[10,1],[19,31],[32,68],[25,6],[23,36],[27,75],[14,21],[24,91],[31,-3],[20,33],[33,14],[20,26],[24,47],[17,54],[7,1],[16,78],[22,25],[11,-25],[8,45],[-10,18],[14,39],[37,13],[22,37],[40,21],[47,40],[36,55],[25,53],[18,71],[8,95],[2,51],[-4,81],[-10,91],[-26,51],[-25,-11],[-7,10],[-41,8],[-58,39],[-19,21],[-17,-56],[-16,-14],[-18,-35],[-8,-53],[-16,32],[-4,30],[-13,17],[30,87],[7,45],[2,96],[4,48],[0,92],[-19,229],[7,27],[-8,40],[4,60],[-1,130],[-13,53],[-9,-4],[-3,55],[-10,118],[-12,55],[-18,26],[-12,56],[3,67],[-7,97],[0,43],[10,22],[4,45],[-3,54],[0,110],[3,99],[-3,56],[12,22],[8,53],[2,69],[6,44],[4,77],[22,69],[19,-17],[6,48],[13,44],[15,79],[14,-8],[11,41],[-4,19],[15,31],[8,-11],[30,45],[36,29],[-25,27],[-24,-23],[-25,19],[6,44],[38,99],[29,52],[25,25],[14,2],[18,22],[22,51],[14,52],[-9,20],[48,63],[37,55],[34,19],[8,-28],[29,-39],[4,69],[11,45],[-12,45],[1,40],[24,-24],[35,-50],[-10,-43],[24,0],[11,-25],[20,-9],[56,15],[-30,74],[-4,27],[3,49],[-27,66],[2,42],[-20,41],[1,59],[34,2],[13,23],[-26,50],[34,73],[-10,22],[15,25],[41,-6],[20,-93],[19,-8],[38,19],[40,49],[15,-28],[14,3],[33,33],[9,39],[19,43],[28,-21],[16,-30],[15,13],[16,-23],[27,-54],[8,14],[-16,38],[-4,42],[-20,9],[-23,48],[-21,-5],[-3,113],[-15,-41],[-27,30],[-3,48],[39,146],[11,95],[4,62],[15,32],[29,27],[16,-2],[30,28],[21,55],[14,59],[21,5],[18,23],[13,42],[-2,42],[-10,22],[3,66],[27,85],[9,63],[29,-37],[39,20],[16,37],[52,51],[-3,-39],[15,-17],[7,-31],[-16,-9],[-8,-31],[25,-79],[28,-22],[10,20],[15,-20],[-42,-48],[-32,0],[-15,23],[-26,-13],[-11,-24],[1,-35],[15,-1],[-5,-49],[-23,-37],[1,-22],[33,-35],[-22,-42],[-6,-59],[-14,2],[-14,-41],[-3,-37],[38,-16],[2,-38],[11,-36],[-9,-18],[11,-39],[17,19],[11,60],[10,13],[10,-37],[12,-4],[-8,-72],[12,-26],[-4,-58],[17,-44],[16,-10],[27,14],[17,-55],[31,-16],[16,8],[14,28],[12,-20],[-10,-30],[-7,-54],[-20,17],[-22,-40],[0,-63],[10,-48],[34,-20],[33,-48],[5,-31],[1,-83],[15,-8],[-2,-37],[-15,1],[-15,-75],[-3,-93],[29,-14],[48,-62],[46,-70],[8,-48],[52,-140],[9,-113],[-4,-15],[12,-80],[15,-23],[61,-136],[14,-54],[10,-74],[28,-86],[8,-37],[9,-76],[-1,-117],[21,-28],[24,1],[25,-58],[23,-14],[22,-98],[13,-14],[1,-27],[16,-11],[25,-47],[-4,-30],[21,-28],[-4,-39],[20,-6],[11,-46],[0,-76],[15,-25],[17,-9],[13,-57],[-7,-81],[13,-66],[16,15],[3,34],[-7,28],[10,23],[-8,43],[12,42],[-6,43],[-21,38],[4,39],[-5,148],[-18,23],[3,59],[8,23],[-2,54],[11,51],[18,-23],[12,52],[0,90],[18,118],[4,129],[9,78],[23,6],[7,28],[-22,69],[-28,52],[-33,143],[-5,172],[24,65],[61,37],[20,-30],[2,-91],[28,-18],[1,-38],[19,8],[13,40],[31,-51],[22,-24],[28,-56],[19,-115],[14,-27],[32,-93],[32,-27],[5,-31],[24,-15],[17,-64],[36,-15],[34,29],[-36,29],[-2,44],[-23,30],[-3,22],[-35,56],[-18,42],[7,48],[-8,21],[-15,162],[-26,104],[-4,42],[33,18],[-22,26],[31,87],[11,15],[52,95],[28,39],[16,57],[19,6],[8,29],[28,25],[14,-2],[10,41],[-3,32],[-10,17],[5,38],[-15,1],[-3,-40],[7,-26],[-52,-50],[-20,-1],[-9,-35],[-45,-49],[-33,-10],[-17,-31],[-32,-16],[-12,12],[-24,48],[-19,67],[0,88],[-15,20],[-42,133],[-9,45],[1,48],[-18,10],[-16,-19],[-17,28],[-17,47],[-27,41],[-13,58],[-67,77],[-14,-15],[-34,29],[-42,-6],[-22,17],[16,28],[-4,25],[25,23],[21,-3],[20,15],[-10,50],[10,34],[5,42],[18,-23],[18,36],[11,40],[23,-7],[-3,48],[-35,44],[-15,-33],[-68,7],[12,-27],[5,-44],[-33,13],[-17,-74],[-15,37],[3,44],[-10,55],[-28,13],[-16,34],[9,37],[32,1],[18,36],[-20,45],[-21,13],[1,41],[39,-48],[27,-20],[36,-42],[19,-3],[14,-21],[103,-40],[-11,38],[-20,8],[-25,25],[-20,-14],[-6,38],[22,14],[30,1],[19,-13],[32,2],[4,32],[-17,14],[-20,35],[-20,9],[-15,29],[-38,29],[-48,27],[-50,33],[-7,47],[32,-15],[41,-39],[23,16],[-33,24],[-9,34],[21,9],[52,-23],[12,-17],[-7,-28],[28,-25],[11,20],[60,-34],[30,39],[5,18],[-12,29],[-30,17],[-40,65],[3,51],[15,-23],[7,-35],[15,31],[20,-21],[50,11],[-27,99],[-25,5],[-3,27],[-25,36],[-21,7],[-26,54],[-17,-21],[15,-33],[-18,-19],[-23,0],[-44,58],[-21,47],[-1,42],[31,-26],[18,45],[20,19],[-26,66],[-4,25],[24,11],[-1,20],[-38,33],[11,77],[17,30],[10,-13],[29,21],[21,-1],[19,-21],[16,5],[23,47],[30,-12],[8,-36],[23,-2],[21,74],[11,-30],[30,-24],[18,-29],[29,-86],[27,-23],[7,-25],[-28,-4],[-8,-40],[14,-52],[-3,-37],[-18,5],[-10,28],[-23,-21],[-25,6],[10,-43],[46,-36],[24,-58],[17,-29],[26,-29],[19,27],[19,-15],[11,-28],[-8,-26],[27,-40],[-14,-38],[10,-34],[-35,17],[-9,-43],[3,-59],[14,-60],[20,-22],[1,31],[36,50],[-9,23],[5,99],[9,70],[-12,21],[-12,86],[17,-14],[5,-53],[8,-23],[46,-65],[52,-61],[16,13],[-9,77],[-18,43],[-9,6],[-17,60],[-21,37],[54,70],[-30,32],[-11,44],[-37,48],[-2,41],[19,-13],[11,-31],[56,-51],[19,-29],[44,3],[16,-12],[15,-34],[32,7],[30,-4],[25,-19],[27,-4],[21,-35],[25,-22],[26,-35],[-1,-46],[28,-42],[-10,-29],[16,-32],[11,-88],[16,-53],[21,-20],[14,22],[18,7],[18,-16],[29,-6],[14,6],[34,-10],[15,-35],[-5,-28],[-30,-46],[19,-17],[38,10],[32,46],[21,-3],[2,-36],[25,-65],[-9,-54],[20,-43],[-13,-42],[6,-48],[23,34],[9,67],[-4,29],[27,3],[18,-13],[7,18],[-45,45],[-22,-15],[-26,54],[8,49],[-7,12],[-1,59],[-17,28],[-16,2],[-12,-18],[-40,-11],[12,103],[35,72],[19,53],[21,-19],[2,-53],[16,-6],[12,18],[2,-65],[18,-19],[16,20],[3,-60],[55,9],[15,16],[11,-19],[71,1],[26,-17],[47,3],[18,19],[111,11],[33,12],[34,20],[60,-54],[28,-49],[35,-19],[29,15],[40,-2],[47,33],[-4,29],[-31,-24],[-26,15],[-41,-16],[-21,17],[-29,-18],[-36,86],[-56,32],[-31,8],[-14,47],[-29,31],[-30,-15],[-39,16],[-35,25],[-32,1],[-38,19],[-43,-16],[-25,-20],[-22,-6],[-37,-37],[-23,44],[-16,-38],[-31,-14],[-33,23],[0,46],[-14,12],[11,88],[-16,56],[20,89],[-5,29],[-30,38],[-1,27],[25,47],[-15,49],[16,6],[3,40],[15,-19],[17,-3],[15,38],[15,75],[3,49],[-9,53],[-1,77],[16,-8],[12,16],[18,-8],[7,-54],[-9,-45],[18,-36],[16,-65],[16,-30],[11,-46],[-3,-18],[12,-36],[7,78],[36,78],[14,47],[24,-19],[24,-1],[23,25],[35,63],[-31,-11],[-20,-45],[-20,6],[-1,86],[-4,48],[2,86],[-8,19],[9,54],[-9,37],[6,40],[17,25],[26,-21],[3,30],[-27,17],[4,41],[-7,30],[19,24],[0,21],[16,29],[-23,57],[4,19],[30,28],[37,78],[28,-24],[8,33],[14,25],[29,17],[-12,54],[17,17],[17,-20],[13,18],[-35,38],[-18,56],[-16,-17],[-28,27],[-48,-39],[-11,-27],[-20,-24],[-14,-28],[-29,-112],[-11,-15],[-14,-54],[-7,-55],[-8,-14],[-17,-103],[-12,-50],[-31,-90],[-19,-25],[-7,47],[7,100],[-8,34],[-16,27],[0,76],[-7,29],[7,28],[-3,45],[-19,14],[-6,48],[3,40],[-23,-22],[0,-48],[-8,-52],[-14,9],[-18,-10],[-10,20],[-3,79],[4,88],[-14,77],[2,60],[-13,38],[0,47],[12,81],[2,46],[14,12],[0,42],[8,49],[14,-47],[25,-6],[-4,66],[-11,11],[4,33],[-8,89],[-26,21],[23,50],[-1,39],[-16,34],[12,25],[14,-18],[13,52],[25,3],[0,54],[32,34],[-5,20],[-20,-40],[-16,-13],[-16,16],[9,25],[34,48],[33,7],[24,20],[21,-50],[25,-9],[6,-38],[17,11],[21,-7],[-4,-42],[16,-23],[17,53],[30,9],[-3,49],[8,36],[-2,38],[11,61],[16,39],[13,-24],[-18,-65],[25,-65],[30,-7],[7,30],[-19,50],[-3,70],[5,23],[15,10],[-13,34],[13,39],[38,24],[14,20],[9,47],[-7,22],[-19,-21],[-19,15],[-43,-14],[-6,65],[29,21],[16,-9],[21,36],[-34,64],[-14,88],[38,-30],[9,10],[-6,52],[19,-3],[16,-39],[14,-12],[37,-53],[7,-50],[-9,-43],[-29,-37],[17,-34],[9,51],[34,65],[-5,31],[21,9],[51,-84],[7,27],[16,-35],[-10,-35],[19,-30],[26,-2],[0,27],[30,-42],[19,-12],[12,-32],[26,-33],[25,-8],[4,-53],[16,-35],[33,-26],[18,-65],[-7,-32],[-20,-29],[19,-33],[27,29],[12,-36],[-3,-95],[28,78],[2,36],[24,44],[17,7],[21,-12],[40,-47],[37,-63],[-3,-23],[28,-27],[19,-41],[9,3],[40,-53],[16,-49],[48,-46],[39,-57],[-1,26],[-31,41],[-22,19],[-23,52],[-16,4],[-13,36],[-24,34],[-3,21],[-36,35],[-23,37],[-12,39],[-12,8],[-19,40],[-20,14],[-45,79],[20,89],[9,96],[1,46],[24,40],[21,16],[0,25],[-45,-35],[-3,9],[21,95],[-16,-4],[-24,-33],[-19,5],[-14,34],[-35,6],[-36,-34],[-28,-47],[-17,-5],[-43,-53],[-10,6],[-16,-30],[-31,48],[12,34],[-21,1],[-21,65],[15,74],[25,42],[0,28],[21,6],[0,31],[27,54],[21,1],[16,32],[19,-18],[23,-54],[15,42],[27,21],[6,48],[11,6],[31,56],[-20,54],[-23,-30],[-27,14],[7,-32],[-29,-64],[-17,15],[14,62],[-19,7],[-17,-45],[-4,-39],[-12,-22],[-21,24],[6,-46],[-26,-35],[-23,-19],[-3,-43],[-35,-38],[-11,13],[-12,56],[3,43],[19,36],[-19,13],[4,29],[21,63],[-43,-33],[-5,22],[-21,-12],[7,64],[20,34],[19,4],[-2,42],[19,13],[16,33],[24,9],[29,-6],[13,-33],[24,4],[14,-24],[17,-5],[10,48],[45,49],[11,-39],[9,12],[7,54],[14,37],[-25,33],[-12,76],[-9,14],[13,38],[-6,54],[13,34],[17,21],[15,-23],[11,27],[21,21],[14,-46],[-4,-40],[-31,-66],[0,-24],[25,-34],[-4,-51],[30,-6],[2,37],[12,35],[28,-1],[-5,-89],[1,-52],[22,-31],[1,-43],[8,-49],[26,-48],[12,21],[8,44],[14,-10],[14,27],[21,14],[18,42],[17,6],[32,-6],[15,-29],[15,47],[12,-10],[-14,-81],[3,-42],[12,2],[34,-34],[45,25],[23,-23],[27,31],[41,-42],[44,26],[25,-2],[29,-16],[0,53],[-31,6],[-7,12],[-80,-4],[-6,24],[-23,17],[-5,23],[38,60],[0,46],[-33,6],[-13,15],[11,37],[13,2],[25,26],[13,-12],[11,39],[24,33],[22,12],[11,57],[-14,-4],[-9,-40],[-33,-22],[-12,8],[-11,-30],[-25,-10],[-21,103],[-11,-26],[-37,12],[-2,42],[-24,-54],[-23,8],[-11,21],[-16,3],[2,58],[19,18],[-37,26],[-22,-57],[-7,41],[9,54],[-20,6],[-8,-50],[-13,-21],[-21,-2],[-7,62],[21,17],[0,26],[11,39],[32,35],[17,-11],[-6,-34],[15,-24],[33,1],[16,19],[1,59],[14,30],[5,41],[-23,-6],[1,35],[-20,-5],[-5,46],[-15,-20],[-26,21],[-11,-26],[-22,6],[13,55],[-32,-44],[-14,18],[-18,43],[-14,151],[-29,12],[-15,33],[-10,-17],[-11,67],[21,50],[34,-12],[7,24],[-9,33],[3,33],[49,5],[-10,39],[5,67],[20,17],[18,-9],[11,-53],[12,19],[6,61],[20,-10],[5,20],[41,11],[-27,60],[-14,-29],[-25,18],[-18,38],[11,38],[-3,18],[16,31],[13,0],[11,32],[15,11],[12,48],[14,-45],[20,-3],[-1,38],[27,31],[-4,85],[12,23],[19,-3],[-10,-51],[3,-63],[14,-20],[-8,-72],[22,38],[18,-3],[15,16],[-6,43],[18,-8],[17,-86],[1,-42],[36,-75],[-12,68],[21,8],[-3,65],[18,4],[10,40],[-11,39],[4,45],[16,5],[9,-60],[11,14],[-5,64],[8,25],[25,14],[9,33],[13,-33],[26,6],[17,-15],[-4,-46],[-19,-22],[14,-54],[56,-10],[-29,30],[1,32],[14,39],[15,-29],[17,59],[-8,61],[0,40],[-9,46],[10,44],[-1,45],[12,9],[3,30],[12,19],[-4,37],[-20,69],[-20,20],[-1,35],[17,39],[-27,82],[25,112],[-21,49],[9,36],[22,-37],[2,31],[18,45],[44,-47],[22,-72],[-1,-32],[23,-5],[38,-39],[16,36],[4,-61],[-16,-17],[-2,-31],[15,-28],[-27,-32],[-12,19],[-32,30],[4,-85],[-8,-21],[0,-38],[-20,-3],[-3,-38],[13,-15],[2,-68],[-5,-52],[24,-27],[1,-45],[10,-30],[6,-48],[-9,-69],[-5,-84],[-39,-209],[7,-43],[19,70],[17,124],[28,129],[8,63],[0,31],[10,21],[22,14],[15,-24],[23,14],[15,25],[38,16],[5,63],[20,-6],[-14,-74],[11,-20],[27,38],[31,27],[9,-61],[-16,2],[-33,-25],[-7,-36],[20,-37],[5,-37],[20,-35],[-8,-14],[-19,3],[1,-27],[20,-20],[-20,-55],[21,-44],[1,-47],[13,-20],[12,21],[16,0],[8,-50],[15,3],[11,-26],[11,-66],[17,41],[11,-15],[9,83],[-6,34],[-13,36],[-2,25],[-22,25],[-3,17],[14,45],[12,4],[-1,38],[14,19],[21,-1],[21,33],[15,-3],[2,-65],[16,-4],[15,-25],[10,3],[8,74],[14,26],[37,-50],[12,23],[-10,37],[3,126],[-22,6],[-10,43],[1,70],[-12,43],[-22,6],[-19,-17],[-11,63],[34,-6],[13,14],[7,43],[13,-2],[27,64],[33,-9],[14,29],[-13,52],[6,20],[19,-8],[-7,77],[-24,68],[-12,70],[29,52],[30,-6],[14,14],[26,6],[30,73],[7,73],[5,11],[-22,54],[21,23],[-7,77],[-26,21],[-10,61],[-18,41],[-17,23],[-19,-33],[-16,30],[-17,7],[-42,-63],[-17,11],[-18,29],[-8,34],[-15,4],[-2,52],[-22,31],[7,21],[0,74],[-11,25],[15,24],[7,-43],[16,-48],[20,-12],[-12,-84],[25,30],[15,37],[30,13],[0,22],[-16,24],[-9,33],[-14,-5],[-6,28],[24,23],[34,-14],[13,-121],[29,-39],[7,34],[-15,28],[1,42],[9,26],[-14,32],[-19,73],[-6,-6],[-33,33],[9,15],[-28,26],[-23,12],[14,28],[16,-5],[22,-47],[15,0],[4,47],[25,48],[5,-31],[35,-41],[31,-19],[1,66],[18,0],[20,-16],[-7,-35],[-17,-38],[-5,-30],[25,-24],[-33,-59],[-10,-35],[-28,-49],[17,-10],[45,87],[34,32],[14,34],[27,-4],[3,-32],[-19,0],[-9,-19],[-16,-2],[-36,-63],[4,-27],[19,26],[25,-8],[18,19],[12,-30],[19,-2],[7,-32],[-11,-42],[-16,-12],[-24,3],[-32,-62],[33,-2],[-30,-53],[-5,-44],[46,65],[20,2],[-8,-37],[5,-30],[16,-29],[-9,-27],[-15,2],[-16,-26],[-2,-23],[12,-26],[-14,-48],[12,-40],[22,-12],[27,13],[19,-38],[-20,-42],[-14,-83],[20,26],[16,-8],[13,-32],[23,3],[12,43],[26,-27],[9,30],[-1,31],[16,29],[18,5],[32,39],[-24,58],[-21,31],[-22,-2],[-7,39],[6,51],[12,15],[1,61],[43,4],[-1,107],[-4,39],[19,-9],[24,10],[19,-6],[16,93],[35,10],[7,42],[16,41],[7,-39],[22,-29],[24,34],[15,-1],[25,84],[15,10],[23,62],[27,-24],[29,25],[5,-26],[-15,-19],[-31,-17],[-20,-62],[-17,-34],[-12,-41],[-17,8],[-11,-35],[0,-28],[14,-50],[-19,-5],[-7,-20],[-34,-64],[1,-66],[21,-18],[31,20],[11,23],[36,26],[-4,-36],[-15,6],[-18,-23],[-3,-32],[3,-55],[39,-74],[15,25],[17,2],[28,19],[7,-43],[-16,-37],[0,-40],[10,-42],[-8,-60],[15,-35],[25,0],[17,-12],[-3,72],[10,28],[-5,53],[17,0],[16,-30],[21,15],[9,34],[1,44],[-7,60],[14,36],[4,36],[-22,102],[10,12],[41,-83],[13,-17],[-5,-34],[4,-38],[22,6],[22,44],[-10,61],[25,12],[8,66],[25,73],[-11,31],[3,41],[-14,9],[-17,-39],[-36,16],[-11,62],[23,76],[18,-67],[18,11],[13,-7],[12,20],[-8,31],[47,5],[22,12],[18,-51],[36,53],[29,0],[32,-30],[7,-40],[30,31],[-44,90],[-39,52],[-9,24],[-49,0],[7,32],[-17,95],[-35,67],[-7,58],[-13,42],[3,52],[-14,16],[-11,31],[20,19],[13,-5],[19,16],[14,-23],[15,35],[27,23],[1,-27],[16,-23],[-7,-65],[23,-22],[0,37],[19,21],[7,27],[-14,37],[4,51],[39,22],[34,-48],[27,-26],[24,27],[-8,22],[-17,2],[-6,35],[16,11],[31,-18],[5,17],[38,-72],[2,-49],[13,-23],[17,-6],[16,-30],[-6,-60],[16,15],[16,-32],[3,48],[13,0],[5,-29],[-14,-62],[19,-9],[20,37],[16,-12],[-1,-42],[-22,-36],[10,-20],[-4,-65],[47,35],[4,-17],[-9,-41],[9,-24],[-2,-37],[10,-26],[-6,-26],[22,-19],[-12,-34],[44,-51],[-2,27],[13,12],[-7,28],[9,19],[6,51],[28,18],[-13,45],[24,9],[12,-45],[-13,-47],[6,-35],[11,-3],[17,21],[21,4],[16,105],[38,16],[13,-35],[13,-13],[9,-43],[24,-60],[12,-18],[28,-10],[12,12],[8,32],[-6,27],[-26,29],[-2,34],[20,11],[12,19],[19,-7],[2,-25],[32,-54],[15,-9],[25,-63],[14,53],[10,0],[-6,-67],[18,-17],[13,-30],[24,-36],[2,-30],[-25,-56],[15,-30],[-15,-55],[40,-33],[1,-42],[10,-2],[7,46],[39,-46],[28,-20],[-3,-33],[-19,-42],[2,-18],[30,44],[17,0],[14,-27],[2,-36],[15,-5],[26,-52],[22,9],[21,-58],[29,-26],[-3,-20],[33,-36],[-2,-64],[24,-16],[9,-37],[-4,-36],[31,-34],[24,-60],[29,-59],[19,-19],[5,-38],[19,-47],[10,-107],[1,-51],[22,13],[13,-48],[23,-9],[-5,-77],[-8,-31],[7,-28],[12,-5],[11,-52],[19,-48],[36,45],[11,-57],[18,-36],[22,-12],[18,13],[20,-56],[-8,-33],[-9,-67],[12,-31],[11,2],[7,-56],[14,-12],[52,59],[22,-2],[26,-38],[50,-107],[-3,-76],[8,-14],[19,16],[45,-31],[17,-20],[9,-36],[14,-21],[13,-61],[39,-28],[18,23],[24,-13],[11,-32],[-10,-18],[1,-76],[-21,49],[-23,-19],[-1,-34],[-12,-98],[10,-66],[17,-44],[-3,-27],[-30,-11],[-18,2],[-20,-15],[-12,-22],[-23,-23],[6,-28],[23,0],[-22,-90],[-22,-130],[9,-52],[-1,-82],[-20,-56],[-7,-88],[12,-63],[-32,-67],[-7,-55],[10,-59],[-2,-36],[6,-44],[19,-33],[-10,-66],[-1,-76],[-13,-31],[9,-32],[-6,-18],[-1,-53],[13,-51],[-16,-21],[-11,-33],[-28,-20],[18,-20],[3,-72],[26,-84],[4,-69],[-17,-126],[-30,-115],[-10,-27],[-16,-10],[-8,-36],[31,0],[20,20],[26,43],[17,42],[4,40],[18,60],[6,36],[8,116],[-2,69],[7,62],[0,111],[-4,37],[-16,64],[-17,22],[16,31],[-3,86],[23,72],[24,-47],[27,-25],[38,-65],[29,-85],[61,-120],[2,-42],[30,-63],[6,-22],[-5,-44],[6,-102],[20,-112],[-9,-39],[11,-24],[10,135],[-14,26],[-4,115],[10,55],[2,66],[-15,69],[-17,50],[-54,89],[-27,127],[5,111],[-4,100],[-16,53],[-22,45],[3,45],[11,65],[25,109],[12,59],[24,20],[23,30],[13,1],[24,24],[21,-49],[30,-137],[7,10],[-24,115],[-31,84],[7,89],[25,29],[10,-16],[8,-123],[21,-96],[12,-86],[8,-24],[8,-62],[11,22],[-9,53],[-6,61],[-1,70],[19,-4],[20,-32],[29,-75],[4,5],[-32,99],[-51,72],[-4,19],[9,62],[2,171],[17,-12],[27,-92],[29,-67],[15,-16],[10,-67],[32,-82],[10,18],[-25,62],[-13,78],[-10,34],[-9,62],[3,28],[-20,79],[16,-3],[16,-26],[21,-77],[46,-124],[36,-55],[5,-45],[21,-21],[-14,72],[-30,48],[-17,46],[-6,44],[10,41],[-25,85],[-29,88],[-31,54],[-30,33],[-16,-8],[-6,24],[19,34],[34,20],[28,-38],[40,32],[13,39],[14,-15],[27,28],[39,-12],[-3,21],[25,23],[39,-63],[38,-34],[18,13],[-1,32],[30,0],[21,-18],[37,-2],[22,-12],[39,-53],[24,-61],[23,9],[63,-26],[48,-41],[37,-7],[16,10],[54,5],[10,-18],[19,-6],[53,-39],[47,-4]],[[22880,53671],[-17,-47],[-5,-73],[4,-21],[-3,-56],[-8,-22],[-19,28],[5,45],[21,87],[7,98],[3,108],[-10,148],[18,76],[2,31],[22,5],[15,-84],[-12,-44],[-3,-67],[-9,-24],[-1,-103],[-12,-50],[2,-35]],[[24378,61523],[-4,-54],[-14,4],[18,50]],[[22912,54478],[-1,94],[4,46],[14,65],[3,88],[15,58],[21,-10],[-9,-153],[-11,-33],[-8,-58],[-11,-32],[6,-51],[-2,-59],[4,-52],[9,-26],[-23,-49],[-13,-7],[-1,45],[10,65],[-7,69]],[[23636,54465],[-23,60],[27,15],[-6,-38],[2,-37]],[[24847,62793],[-4,22],[14,42],[24,-12],[18,-26],[-3,-45],[10,-64],[-11,-26],[-12,3],[-21,50],[-15,56]],[[24942,62836],[-7,41],[14,11],[7,-36],[-14,-16]],[[26143,64210],[-8,16],[29,59],[29,18],[-2,-30],[-15,-7],[-17,-63],[-16,7]],[[25510,64395],[6,24],[35,7],[26,-16],[-9,-25],[-58,10]],[[24570,63672],[-2,23],[18,53],[40,72],[-33,-96],[-23,-52]],[[24644,63848],[26,69],[16,-22],[-27,-50],[-15,3]],[[26215,64234],[6,31],[19,-10],[-5,-34],[-15,-24],[-5,37]],[[22753,52674],[-10,-56],[4,-63],[13,-44],[17,-103],[13,-28],[-1,-43],[28,-210],[18,-42],[-10,-19],[18,-120],[11,-33],[18,-26],[4,-61],[20,-82],[-7,-85],[16,-36],[49,-22],[-25,-40],[5,-19],[-21,-41],[9,-57],[-2,-45],[7,-57],[21,2],[7,35],[-10,37],[9,32],[15,-18],[-4,-41],[5,-54],[37,-61],[14,-5],[-2,-61],[28,-83],[3,-29],[17,-83],[-12,-40],[13,-35],[-19,-20],[8,-52],[-22,-52],[-6,70],[-22,35],[-19,12],[-21,111],[-13,85],[-28,86],[-34,82],[-70,142],[-22,61],[-21,86],[-12,97],[-32,83],[-37,109],[-9,44],[14,16],[3,68],[-10,32],[-4,56],[-16,42],[-29,167],[-11,24],[-10,84],[-2,61],[11,70],[-1,103],[17,47],[44,92],[21,-49],[50,-12],[-13,-44]],[[24024,51684],[6,-71],[-4,-40],[-15,-2],[-40,33],[-35,121],[1,99],[13,1],[22,28],[41,-50],[11,-119]],[[23699,44101],[-4,79],[25,18],[7,-32],[-14,-28],[-1,-41],[-13,4]],[[23746,44209],[-5,33],[23,15],[8,-24],[-26,-24]],[[25997,66283],[42,104],[11,55],[21,18],[21,54],[19,65],[12,17],[14,60],[20,40],[35,-26],[9,-15],[-9,-48],[1,-26],[22,-82],[-11,-96],[3,-27],[-19,-50],[-16,-87],[1,-15],[-32,-27],[-11,-84],[-8,3],[-19,-36],[-1,-19],[-32,-15],[-7,49],[-17,19],[-34,-2],[-4,-57],[-31,54],[1,62],[18,88],[1,24]],[[28107,67181],[12,34],[10,55],[16,51],[18,29],[25,20],[-15,-96],[-6,-85],[26,30],[-16,-76],[-12,-20],[-11,19],[-29,-23],[-29,6],[11,56]],[[27722,66872],[16,-14],[-11,-31],[-71,-4],[-36,28],[-14,-10],[-3,36],[18,23],[50,35],[-1,-31],[12,-21],[16,5],[13,70],[15,19],[4,-49],[15,27],[25,2],[2,-24],[-25,-13],[-12,4],[-13,-52]],[[27788,66629],[45,15],[15,25],[12,-22],[-15,-51],[-51,-83],[-33,-13],[12,39],[-16,31],[5,47],[26,12]],[[27809,66905],[3,31],[33,54],[16,-2],[23,19],[1,-26],[-29,-47],[-12,-67],[-13,-16],[-17,11],[-14,-14],[-4,48],[13,9]],[[28245,67434],[-58,43],[-6,14],[-41,39],[-18,34],[7,40],[16,-37],[38,-42],[11,-20],[44,-52],[33,-28],[-15,-15],[-11,24]],[[29354,66761],[-1,46],[11,56],[18,-27],[2,-25],[16,-5],[-2,-34],[-14,-42],[-18,9],[-12,22]],[[27807,67304],[-6,-25],[4,-39],[-4,-37],[-27,-32],[-15,52],[12,19],[12,44],[24,18]],[[27874,66903],[27,-16],[-15,-83],[-15,16],[-19,-3],[9,74],[13,12]],[[28055,67142],[15,74],[30,53],[1,-50],[-30,-98],[-16,21]],[[28090,67327],[25,59],[13,0],[-6,-45],[-21,-61],[-21,-26],[-9,20],[6,34],[13,19]],[[26329,67487],[34,-20],[-4,-30],[-30,50]],[[28451,66811],[-12,-35],[-12,31],[24,4]],[[26001,65955],[-2,51],[18,-7],[-16,-44]],[[26784,65874],[12,45],[14,-9],[1,-46],[-27,10]],[[30466,67691],[0,26],[29,11],[-9,-35],[-20,-2]],[[26003,65805],[-9,60],[8,3],[15,-49],[-14,-14]],[[27563,66714],[18,18],[3,-36],[-21,18]],[[26305,33952],[23,-25],[-9,-28],[-47,-11],[-14,9],[-27,-19],[-16,17],[23,51],[25,24],[42,-18]],[[26486,33368],[-14,67],[1,47],[10,3],[13,-48],[-3,-32],[12,-67],[17,-40],[-12,-29],[10,-34],[-19,-6],[-14,99],[-1,40]],[[30409,25458],[-6,23],[-27,47],[25,10],[42,-47],[-14,-46],[-20,13]],[[35713,27765],[1,42],[12,17],[13,-83],[-10,-7],[-4,-46],[-15,8],[3,69]],[[35392,28088],[-14,-48],[-11,28],[25,20]],[[37545,76469],[-5,122],[19,2],[3,-93],[-6,-35],[-11,4]],[[37378,76354],[-18,4],[-17,33],[13,11],[22,-48]],[[37734,77166],[-17,22],[2,25],[17,15],[7,-49],[-9,-13]],[[37072,27817],[-4,24],[-30,2],[-14,-18],[-19,10],[23,59],[10,-17],[29,8],[17,-57],[-12,-11]],[[37295,78493],[-5,40],[-16,61],[11,24],[31,-89],[18,-32],[-1,-45],[-12,-11],[-26,52]],[[37451,78360],[-19,21],[20,20],[19,1],[13,-23],[13,8],[18,40],[12,-8],[-3,-42],[-30,-48],[-43,31]],[[37268,78952],[21,-5],[1,-27],[-19,-15],[-3,47]],[[37328,78659],[-10,28],[9,16],[16,-5],[3,-45],[-18,6]],[[37427,79507],[-13,46],[15,21],[20,-5],[20,-36],[3,-47],[15,-15],[-13,-39],[21,-24],[-17,-50],[-20,68],[-9,71],[-22,10]],[[37067,79056],[12,-15],[-10,-56],[-24,-55],[-26,20],[16,42],[-10,71],[42,-7]],[[38060,79380],[-11,16],[-5,43],[-21,15],[6,39],[40,-68],[36,-44],[-11,-15],[-34,14]],[[38528,79096],[18,-17],[0,-48],[-21,-13],[-22,62],[2,66],[23,-50]],[[37932,79402],[-12,19],[1,54],[26,15],[11,-24],[-26,-64]],[[38336,79437],[-10,19],[14,37],[15,7],[36,-46],[-33,4],[-22,-21]],[[38986,79180],[11,14],[45,0],[38,-13],[1,-13],[-39,6],[-41,-1],[-15,7]],[[39188,79080],[-32,11],[29,50],[8,-8],[8,-45],[-13,-8]],[[38017,79352],[-18,38],[-11,45],[27,-18],[13,-38],[-11,-27]],[[37274,79181],[-18,-36],[-6,59],[11,11],[13,-34]],[[37096,79006],[-6,-29],[-21,-22],[8,59],[19,-8]],[[38016,79606],[15,-32],[-18,-25],[-6,33],[9,24]],[[39161,79127],[-27,25],[23,20],[20,-22],[-16,-23]],[[37400,79377],[0,47],[23,-13],[-23,-34]],[[38896,81960],[-25,-3],[-5,-21],[8,-28],[-25,-4],[11,76],[-14,9],[-11,34],[4,26],[15,-4],[11,80],[26,23],[-10,67],[17,43],[47,34],[26,55],[16,-47],[-5,-21],[5,-40],[-13,-52],[11,-41],[18,26],[10,-22],[3,-53],[-5,-24],[30,6],[3,-27],[18,-32],[6,-31],[-4,-43],[23,-22],[22,-8],[-44,-47],[-8,-27],[-13,13],[-52,-61],[-29,-15],[-22,-1],[-18,33],[-15,-1],[16,56],[16,-7],[29,74],[-11,18],[0,43],[-38,-27],[-18,-54],[-10,22],[4,25]],[[38720,82140],[-28,-8],[-22,44],[10,41],[40,28],[20,4],[10,-14],[23,44],[13,50],[28,-3],[16,-30],[-9,-58],[18,-43],[-32,-48],[-24,9],[0,26],[-18,25],[-10,-39],[-9,-1],[-4,-47],[-22,20]],[[39325,82384],[7,21],[15,-33],[17,13],[20,-25],[9,-29],[-12,-53],[-48,-55],[-9,-24],[-24,42],[7,35],[-5,43],[12,11],[11,54]],[[37861,79734],[-11,2],[-25,47],[-39,46],[-24,20],[15,26],[41,-23],[20,-20],[37,-14],[25,-42],[-8,-29],[-20,6],[-11,-19]],[[39012,80323],[-14,5],[-18,-18],[-20,-35],[-24,9],[20,82],[40,41],[-2,33],[27,-15],[4,-42],[-12,-33],[-1,-27]],[[38584,82223],[7,-36],[-12,-21],[-22,6],[-10,17],[-33,-40],[1,63],[25,14],[37,37],[7,-40]],[[38462,80411],[14,-11],[0,-33],[7,-46],[10,-11],[23,8],[-1,-54],[-44,19],[-20,98],[11,30]],[[38288,79868],[2,79],[32,-26],[8,-19],[-7,-55],[-14,-3],[-21,24]],[[37554,79893],[-5,39],[-18,-6],[-12,27],[3,49],[17,11],[19,-30],[-3,-40],[11,-38],[-12,-12]],[[38822,80287],[5,19],[-5,53],[8,25],[-3,29],[10,43],[10,-42],[0,-48],[-25,-79]],[[38707,81981],[-4,-61],[-27,41],[-7,25],[15,43],[20,-16],[3,-32]],[[38617,82050],[8,29],[20,37],[10,3],[18,48],[7,-57],[-40,-48],[-23,-12]],[[38322,79765],[-11,-57],[-22,33],[-3,28],[36,-4]],[[37625,79926],[7,11],[29,-34],[-14,-20],[-26,30],[4,13]],[[37510,80104],[33,-42],[-13,-22],[-20,64]],[[37346,79793],[-16,22],[16,29],[18,-14],[-18,-37]],[[37251,79714],[1,26],[17,9],[4,-29],[-10,-23],[-12,17]],[[37880,79661],[32,-30],[8,-28],[-24,0],[-16,58]],[[37498,79722],[4,39],[20,-11],[-3,-40],[-21,12]],[[39049,82254],[6,26],[27,2],[-18,-49],[-15,21]],[[37394,79715],[32,14],[4,-42],[-34,14],[-2,14]],[[38511,80373],[-14,-27],[-10,27],[1,45],[23,-45]],[[37589,79722],[4,31],[22,9],[-9,-51],[-17,11]],[[39315,82429],[-13,15],[11,39],[10,-37],[-8,-17]],[[39040,81765],[-2,54],[18,5],[-4,-44],[-12,-15]],[[39285,83026],[2,-50],[-14,12],[12,38]],[[38898,82431],[-9,27],[16,19],[9,-28],[-16,-18]],[[39406,83005],[-17,-23],[-12,23],[20,35],[9,-35]],[[39073,80746],[18,39],[9,-23],[-27,-16]],[[39236,83212],[20,24],[3,-36],[-23,12]],[[39527,82017],[0,34],[34,39],[-3,-35],[-31,-38]],[[39626,82137],[19,-15],[-29,-131],[-27,-6],[-9,37],[20,44],[26,71]],[[43987,82618],[-11,41],[-8,61],[2,26],[14,50],[-4,25],[8,83],[-7,28],[9,22],[23,-20],[14,-28],[-2,-39],[13,-77],[52,-98],[2,-32],[-11,-59],[2,-89],[-33,51],[-27,29],[-36,26]],[[39843,82927],[-3,-43],[14,-6],[25,13],[34,-7],[4,-56],[-20,-59],[-40,-54],[-23,11],[-7,46],[13,18],[-8,49],[-12,11],[0,28],[-13,10],[-3,39],[6,33],[17,28],[10,-17],[6,-44]],[[39469,83010],[8,32],[-27,15],[10,29],[13,1],[4,44],[-22,-23],[-33,10],[24,66],[5,-39],[30,13],[4,48],[-12,70],[13,15],[6,-51],[15,-38],[-1,-68],[7,-30],[-16,-40],[39,-85],[-16,-35],[-51,66]],[[39543,82833],[-5,42],[12,75],[11,5],[12,-44],[-17,-78],[-13,0]],[[44074,82481],[-2,-21],[-49,90],[18,-2],[30,-44],[3,-23]],[[39513,82864],[2,42],[13,40],[12,-3],[-15,-81],[-12,2]],[[39942,82798],[-15,26],[15,23],[9,-23],[-9,-26]],[[43953,82574],[15,-6],[-8,-50],[-13,-10],[6,66]],[[40226,82667],[39,8],[-2,-38],[-19,27],[-18,3]],[[40086,82846],[13,18],[9,-23],[-12,-18],[-10,23]],[[44434,83375],[7,28],[23,-38],[9,-43],[-9,-43],[-19,45],[-11,51]],[[44234,83791],[-11,48],[20,-3],[30,-48],[-28,-31],[-11,34]],[[39916,83086],[14,53],[16,21],[4,-34],[-18,-52],[-16,12]],[[39868,83231],[17,-14],[-8,-48],[-17,32],[8,30]],[[39782,84093],[-2,31],[-16,14],[-28,-6],[-8,56],[4,25],[-4,57],[8,55],[-8,42],[32,3],[2,-19],[29,23],[6,26],[-17,33],[-8,46],[-10,22],[6,53],[24,42],[27,7],[-10,48],[19,20],[16,-16],[19,-74],[12,-3],[21,-54],[-5,-57],[-23,-126],[13,-44],[-2,-38],[14,-47],[-19,-21],[-10,21],[-22,-73],[-12,33],[-26,-52],[4,-35],[-9,-20],[-17,28]],[[41011,85147],[-7,-55],[35,-17],[21,-31],[4,-30],[-5,-27],[-28,26],[-2,-59],[-30,21],[-10,18],[4,49],[-15,15],[10,32],[-9,35],[32,23]],[[40602,84583],[1,68],[11,74],[-5,25],[12,33],[24,-10],[8,-32],[-19,-23],[14,-47],[-1,-58],[-19,-28],[-26,-2]],[[40339,84724],[20,-95],[-6,-45],[20,-3],[0,-39],[-38,5],[-7,27],[1,38],[-17,37],[6,42],[21,33]],[[39944,84163],[7,-30],[18,-29],[-18,-22],[-18,33],[-11,-10],[-2,-33],[-13,-18],[-26,23],[39,84],[17,25],[7,-23]],[[40928,84989],[5,31],[12,8],[7,-53],[-9,-27],[-6,-67],[-16,-42],[-10,3],[-7,37],[16,52],[8,58]],[[43584,84621],[15,34],[3,45],[15,14],[13,-20],[3,-58],[-17,-14],[-16,-45],[-16,44]],[[40229,84524],[4,44],[33,-35],[15,17],[0,-46],[-22,-22],[-30,42]],[[41011,85281],[13,30],[32,-18],[-6,-24],[-42,-24],[3,36]],[[39582,84433],[-18,19],[8,72],[11,14],[11,-69],[-12,-36]],[[40992,84874],[-28,-41],[-6,9],[8,49],[19,28],[7,-45]],[[39982,84263],[-21,6],[8,28],[14,11],[-1,-45]],[[39563,84666],[-4,44],[15,8],[12,-45],[-23,-7]],[[40000,85159],[29,9],[-12,-51],[-15,10],[-2,32]],[[39891,85052],[13,82],[10,-53],[-23,-29]],[[41809,85350],[14,14],[8,-27],[-19,-10],[-3,23]],[[39971,84571],[-21,31],[17,19],[4,-50]],[[43544,84871],[-8,49],[20,-3],[-1,-28],[-11,-18]],[[40977,84671],[2,29],[15,5],[3,-32],[-20,-2]],[[40621,85405],[-12,29],[10,23],[12,-9],[-10,-43]],[[40990,85033],[-16,-46],[-9,27],[25,19]],[[41757,86258],[-5,-29],[-15,17],[-17,-15],[-16,59],[11,49],[14,9],[12,-19],[29,4],[40,-44],[13,5],[14,-31],[13,17],[16,-33],[-14,-35],[-18,44],[-40,-4],[-22,11],[-15,-5]],[[42214,86042],[-31,26],[-32,-10],[7,48],[42,-21],[15,-18],[11,10],[18,-40],[10,-51],[-15,-2],[-3,47],[-22,11]],[[41523,85964],[-15,48],[19,24],[11,-24],[28,-18],[-14,-58],[-14,-7],[-15,35]],[[41227,86066],[-9,10],[17,39],[8,42],[22,15],[7,-25],[-23,-34],[-22,-47]],[[41432,86169],[18,-42],[-14,-49],[-17,20],[13,71]],[[41425,86181],[-1,55],[17,10],[1,-39],[-17,-26]],[[41430,86282],[-4,45],[16,-6],[5,-31],[-17,-8]],[[40580,85546],[-7,15],[-2,69],[12,-3],[2,-57],[-5,-24]],[[41381,86163],[26,-21],[-9,-24],[-17,45]],[[41334,85494],[-10,37],[17,2],[-7,-39]],[[66355,10615],[-4,-26],[-25,-39],[-34,-27],[-20,4],[-27,-50],[-17,18],[-42,-53],[-11,-32],[13,-26],[-8,-26],[-34,66],[6,36],[-31,2],[-12,24],[3,44],[-7,49],[-18,52],[33,1],[11,23],[-6,88],[9,31],[-9,41],[5,38],[-14,53],[-34,65],[-13,11],[-13,53],[-1,59],[16,25],[-4,35],[23,72],[10,73],[-10,42],[7,47],[-21,110],[6,72],[-12,28],[5,49],[21,2],[14,28],[26,11],[28,47],[20,53],[10,69],[-4,53],[-9,23],[3,57],[32,37],[11,-19],[52,-46],[13,11],[13,-32],[54,-48],[33,-66],[47,-59],[2,-25],[-13,-170],[5,-118],[10,-64],[23,-65],[-4,-41],[-27,-94],[-1,-66],[9,-65],[34,-31],[4,-26],[-10,-86],[2,-44],[-22,-76],[-2,-38],[-21,-31],[3,-48],[-47,-19],[-9,-32],[-20,-14]],[[71749,11704],[60,13],[13,-28],[-10,-22],[-41,-3],[-17,9],[-5,31]],[[71859,11798],[53,48],[8,-28],[-26,-34],[-35,14]],[[71593,10736],[9,-42],[-20,-40],[-17,-62],[7,-20],[-8,-35],[-29,-20],[-15,31],[35,41],[-2,34],[17,50],[5,56],[18,7]],[[67583,9123],[17,-34],[21,-71],[-24,0],[-18,21],[4,84]],[[71681,9951],[40,1],[5,-23],[26,8],[23,23],[-8,-72],[-28,-19],[-21,18],[-15,-9],[-3,50],[-19,23]],[[70948,12268],[-11,85],[16,42],[25,4],[6,-30],[17,0],[3,-58],[-56,-43]],[[70884,12340],[28,34],[-11,18],[3,40],[19,0],[-7,-92],[-15,-28],[-17,28]],[[72312,10023],[8,42],[26,-25],[12,-48],[-22,-27],[-28,10],[4,48]],[[72254,10077],[-28,39],[40,-3],[14,-42],[-26,6]],[[71786,10006],[4,33],[23,25],[5,-39],[-15,-29],[-17,10]],[[71937,9607],[-46,-14],[-5,89],[22,42],[9,-5],[34,47],[29,19],[9,-13],[28,49],[42,-4],[26,18],[51,-28],[27,8],[16,-25],[16,25],[17,67],[11,-20],[47,-25],[17,11],[17,40],[25,-6],[38,55],[25,-3],[10,-40],[13,-13],[6,-41],[24,-29],[43,-80],[14,7],[21,-20],[12,-32],[1,-46],[26,-69],[21,-16],[-12,-23],[-37,17],[-24,-34],[7,-25],[-31,-16],[-35,-49],[-26,3],[-33,-38],[-11,19],[-3,55],[-28,97],[-8,12],[-27,-16],[-7,17],[-33,-42],[-18,-35],[-32,-33],[-30,71],[-24,9],[-9,-20],[-54,-23],[-29,40],[-11,-21],[-34,-10],[-12,-14],[-51,18],[-1,40],[-30,16],[-3,37]],[[72069,9330],[21,30],[60,13],[16,21],[20,-8],[12,-30],[22,26],[6,26],[26,20],[0,-54],[-18,-19],[-7,-63],[9,-18],[-15,-38],[-21,-25],[-24,-60],[2,-23],[-22,-31],[-42,79],[-33,-8],[-16,12],[11,76],[-34,9],[3,26],[24,39]],[[67460,9527],[10,23],[32,12],[24,44],[-10,41],[10,35],[21,5],[21,-20],[23,6],[17,-11],[20,17],[9,-40],[-6,-26],[18,-34],[-29,-30],[1,-49],[-30,-48],[-36,-36],[-14,-2],[-30,35],[-20,8],[-9,45],[-22,25]],[[71999,3081],[-11,42],[-24,-2],[-20,-21],[-15,10],[30,44],[-13,71],[24,42],[31,114],[17,-6],[14,-35],[43,-1],[23,-66],[-1,-44],[32,-78],[-16,-28],[-27,-16],[-23,17],[-40,-4],[-21,-47],[18,-22],[19,-60],[-2,-42],[-36,-17],[-36,3],[-25,-46],[-17,33],[31,87],[7,45],[23,-6],[15,33]],[[72321,4068],[-26,24],[-34,-11],[-22,31],[-2,32],[25,38],[44,-17],[14,22],[32,-35],[-4,-37],[16,-27],[7,-46],[-33,-4],[-17,30]],[[71771,10855],[4,28],[-8,77],[-27,97],[-30,50],[-35,-11],[-44,-43],[-12,39],[-50,36],[-17,46],[33,31],[8,40],[14,-5],[34,51],[19,-12],[29,17],[7,26],[-12,46],[22,22],[17,37],[-6,45],[-19,28],[-4,33],[21,8],[20,-41],[19,11],[19,33],[19,5],[22,35],[9,31],[23,-17],[-2,-50],[9,-52],[63,-48],[54,-121],[72,-133],[66,-146],[35,-55],[27,-31],[25,3],[49,-42],[36,-19],[28,9],[-10,-150],[9,-95],[1,-53],[-19,-57],[-48,-40],[-21,-52],[43,-15],[55,39],[26,-144],[9,-63],[22,-77],[-29,-37],[-42,-27],[-17,5],[1,37],[-21,21],[-66,-3],[-30,-45],[6,-19],[-12,-50],[-24,-7],[-13,-30],[-40,-11],[-13,-19],[-33,33],[-14,-4],[-43,46],[-14,-6],[-7,53],[-15,1],[-9,31],[25,35],[-4,35],[-29,67],[-4,23],[2,80],[-13,89],[-15,4],[-12,38],[-46,32],[-4,37],[-20,85],[-30,25],[-36,-12],[-16,28],[-25,17],[12,27],[16,-5],[18,30],[12,45]],[[72353,10948],[16,59],[25,-57],[-8,-19],[-33,17]],[[71532,1872],[-22,-18],[-45,-10],[-23,44],[-27,11],[-32,31],[-7,48],[7,49],[-13,89],[13,29],[38,15],[17,-19],[22,36],[1,36],[-21,35],[10,15],[-14,53],[19,13],[29,-29],[0,-25],[37,11],[5,-62],[-8,-40],[-14,-20],[-9,-44],[33,-50],[20,7],[6,-62],[14,-2],[19,-31],[47,21],[2,-21],[46,-17],[7,17],[-14,39],[39,16],[11,32],[36,5],[-38,35],[-11,-10],[-32,29],[9,62],[-29,19],[8,31],[27,19],[-3,46],[-42,47],[7,22],[-10,70],[53,14],[43,-14],[29,5],[-1,31],[-43,21],[0,35],[26,59],[17,0],[27,-29],[3,-43],[22,-29],[24,17],[4,-38],[17,4],[36,-90],[-5,-42],[-12,-23],[4,-44],[14,-35],[-32,-55],[-21,-1],[-13,-52],[-35,-36],[3,-46],[33,-30],[1,-65],[33,-162],[-32,-51],[17,-16],[23,19],[28,-26],[-27,-34],[-6,-35],[-20,-43],[2,-40],[47,-62],[-17,-14],[-35,23],[-20,0],[-5,59],[-27,-5],[-12,21],[-31,3],[-3,116],[-7,17],[-1,54],[-23,-21],[-10,28],[-19,-8],[10,-61],[-17,-28],[23,-28],[-12,-49],[26,-25],[-7,-51],[-33,57],[-34,-51],[-21,-16],[-7,-34],[2,-43],[-28,20],[-4,49],[-20,21],[-28,10],[-46,38],[-23,67],[9,24],[-16,60],[19,46],[38,-9],[13,46],[-8,48]],[[70830,1095],[-17,62],[27,37],[2,53],[18,30],[22,9],[0,51],[21,34],[17,-20],[12,-60],[14,-4],[24,30],[30,67],[1,83],[-14,35],[28,34],[14,-17],[15,53],[-12,57],[-23,1],[-46,19],[-17,-21],[-45,17],[13,37],[-8,44],[31,21],[27,-16],[24,37],[-2,21],[-48,9],[22,96],[18,12],[25,50],[14,-23],[-8,-38],[30,-54],[25,-68],[-9,-29],[-1,-80],[28,-48],[-4,-56],[21,-14],[10,-54],[-3,-77],[-18,28],[-36,-13],[-33,-31],[-23,-33],[-33,-73],[-12,-51],[6,-27],[-3,-81],[14,-45],[22,-15],[27,54],[17,-32],[-1,-84],[-22,-10],[-20,-33],[-15,-52],[7,-25],[-23,-52],[-9,-73],[10,-64],[-37,-39],[-30,18],[-23,48],[-22,-16],[-9,39],[2,36],[18,33],[-14,45],[-39,11],[34,32],[-2,28],[-19,10],[-34,-16],[-5,-53],[5,-35],[-31,-120],[-37,17],[-27,-3],[1,78],[-23,32],[-7,28],[-25,18],[-7,33],[19,24],[17,-6],[50,-131],[12,-18],[27,25],[-9,54],[1,124],[15,29],[-8,35],[10,38],[19,-29],[-1,-33],[27,14],[1,31],[20,11]],[[69581,439],[43,1],[0,-30],[-23,-24],[-21,4],[-10,36],[11,13]],[[69482,298],[16,-42],[-25,-20],[9,62]],[[67506,8719],[10,47],[-3,87],[42,59],[12,25],[12,65],[23,-36],[9,-39],[42,-1],[15,-35],[44,-51],[42,-21],[27,-66],[-27,-16],[-23,34],[-41,-18],[-32,13],[-27,-29],[-27,-42],[-24,11],[-19,-28],[-35,7],[-20,34]],[[67752,8622],[12,10],[42,-76],[21,-18],[9,-27],[-35,2],[-42,32],[-11,31],[4,46]],[[67391,9653],[9,-48],[-6,-24],[6,-154],[-8,-57],[4,-24],[-15,-64],[-11,-12],[-2,-60],[9,-63],[-12,-61],[-15,-26],[-30,37],[-15,65],[11,59],[-9,33],[-22,161],[28,-18],[35,11],[22,55],[-9,39],[14,80],[16,36],[0,35]],[[70863,1831],[19,-23],[-4,-21],[-27,-6],[0,-46],[-14,-40],[12,-34],[-12,-33],[19,-35],[11,-77],[-7,-65],[-19,-44],[-3,-35],[-19,-38],[-16,-7],[-46,13],[-20,-19],[-22,20],[-14,31],[2,45],[-29,21],[-32,-10],[-13,76],[34,29],[-31,82],[2,37],[-20,-2],[9,-64],[-21,-28],[-2,-37],[-22,-18],[-13,21],[-23,9],[-26,57],[-30,2],[15,100],[-4,21],[15,34],[13,64],[7,66],[12,28],[20,90],[-20,-22],[-14,-58],[-55,-155],[-1,-79],[-9,-30],[-5,-96],[36,-16],[14,-36],[67,-80],[16,-6],[2,-33],[14,-28],[29,-26],[0,-20],[-27,-24],[-13,-83],[-38,34],[-54,-34],[69,-96],[-3,-47],[-26,-42],[-12,-65],[-15,-30],[19,-43],[-71,10],[-35,-43],[-22,64],[-11,-39],[30,-42],[19,13],[48,-40],[0,-51],[-17,-20],[-7,48],[-50,-21],[-11,-37],[17,-61],[35,61],[7,-10],[-31,-45],[-2,-63],[-50,-11],[-23,35],[-17,-36],[-5,-53],[7,-85],[30,30],[15,-23],[-3,-53],[-82,-95],[-37,-3],[-4,42],[-24,35],[-20,12],[-45,-17],[-7,-15],[-28,9],[-29,-50],[-38,10],[-17,80],[-47,1],[8,37],[-31,17],[-24,44],[-20,-14],[-9,27],[11,19],[-44,78],[-1,68],[5,50],[-22,52],[-19,-30],[5,-105],[16,-18],[3,-37],[-33,22],[-13,-21],[-37,16],[-26,-47],[-16,11],[-24,-14],[-25,14],[-43,5],[-31,16],[-19,-11],[-12,40],[-30,16],[-27,-19],[-13,-44],[-37,-23],[-21,46],[-13,6],[10,46],[-1,34],[-33,26],[-57,-1],[7,-36],[-7,-28],[5,-40],[-18,-37],[-22,21],[-11,61],[-19,-17],[-9,43],[-20,-5],[5,-44],[-17,0],[-17,-23],[-19,-1],[-1,-47],[-13,-36],[-14,43],[-18,-8],[-5,-32],[-49,10],[8,123],[-21,57],[6,60],[-28,55],[-18,50],[-9,75],[-28,4],[3,35],[-41,58],[10,37],[25,-30],[6,60],[17,57],[23,-45],[65,-6],[33,-31],[9,-36],[17,17],[-31,31],[45,22],[41,-28],[-6,-52],[10,-24],[20,10],[12,-39],[15,38],[-9,44],[30,10],[34,-10],[4,-35],[23,-1],[3,59],[-5,78],[-22,-5],[-16,37],[-36,-5],[6,61],[-9,19],[-23,-30],[6,-26],[-22,-32],[-7,-68],[-32,-9],[-52,44],[-16,80],[-19,6],[-4,-50],[-27,-61],[-37,23],[1,42],[-26,-10],[-6,53],[-29,29],[5,46],[14,26],[-4,33],[6,66],[-12,20],[-29,-4],[-14,24],[-12,49],[-20,-16],[21,-80],[-3,-28],[-29,-6],[-10,-39],[-37,14],[-12,-43],[23,-47],[26,29],[13,41],[22,-6],[-4,-79],[-34,-21],[-1,-25],[-28,-5],[-13,-25],[-25,45],[-30,71],[-16,5],[3,60],[-15,35],[-9,82],[5,26],[-21,24],[-11,38],[-32,-10],[-6,54],[-20,83],[-19,11],[-2,43],[7,29],[-14,15],[-28,-29],[-18,36],[-33,35],[17,14],[-10,29],[21,38],[1,35],[-40,31],[-25,35],[1,20],[-42,47],[-26,98],[-42,12],[-41,-36],[-45,13],[-8,115],[-31,94],[-19,3],[-21,65],[-20,94],[-15,141],[-22,71],[-12,3],[-21,53],[18,91],[-19,16],[-3,47],[-16,43],[1,92],[-23,18],[-24,-4],[4,59],[-45,38],[-22,-25],[-25,-4],[-10,49],[25,-7],[27,46],[2,81],[-33,22],[4,30],[-30,86],[2,56],[-23,50],[-12,44],[23,57],[-1,37],[-22,61],[2,65],[-18,30],[6,26],[-8,59],[-38,82],[0,44],[23,43],[2,43],[-13,85],[-21,26],[5,44],[-10,21],[4,41],[-19,-1],[2,41],[29,-13],[6,-29],[18,-11],[14,-46],[-5,-42],[16,-3],[7,-59],[23,-10],[-2,-60],[19,-10],[19,28],[15,-5],[3,-37],[19,1],[6,-72],[29,-28],[1,-25],[27,-10],[22,-39],[44,-55],[16,12],[30,-33],[17,-56],[13,-11],[-7,-95],[15,-46],[12,-95],[-6,-40],[8,-58],[19,-15],[-12,72],[11,74],[-11,33],[-2,39],[-18,46],[47,36],[5,-21],[25,-14],[17,31],[29,94],[-1,43],[16,43],[-13,25],[-20,-30],[-19,34],[-3,33],[-24,26],[-32,-50],[-14,5],[-6,66],[-43,27],[-9,60],[-32,38],[-32,75],[-20,21],[-7,42],[13,15],[-2,56],[-32,2],[18,43],[0,44],[-16,24],[-48,29],[7,-41],[-35,-17],[-36,-68],[28,-28],[2,-43],[-30,-14],[-26,32],[-27,-2],[-10,19],[42,84],[11,60],[6,106],[-12,156],[-36,173],[-23,86],[-38,126],[-19,37],[-24,15],[-50,75],[-2,24],[-18,34],[-30,30],[-22,45],[-3,44],[-51,88],[-12,3],[-23,61],[-4,49],[-13,15],[-6,38],[-30,63],[-30,29],[-18,-23],[-25,44],[-9,65],[22,28],[-6,30],[-20,30],[-4,73],[-23,118],[-18,61],[-58,166],[-29,62],[-41,130],[-28,44],[-24,21],[9,31],[24,2],[15,42],[-11,104],[-23,64],[-22,26],[-11,66],[-19,14],[-17,120],[-16,22],[-19,51],[15,85],[-5,52],[-25,82],[9,45],[-13,21],[9,96],[-1,39],[-23,106],[-29,34],[-21,50],[-10,43],[19,25],[-2,58],[5,64],[-26,65],[22,19],[3,20],[24,8],[13,45],[26,-16],[13,12],[24,77],[14,74],[-1,56],[-16,25],[-5,41],[12,45],[-12,36],[14,20],[0,67],[-29,17],[-1,63],[-10,22],[26,84],[-18,28],[11,45],[50,21],[19,-43],[-10,-41],[10,-34],[37,-8],[6,-19],[46,-22],[14,-25],[18,13],[16,-10],[12,-51],[47,-30],[34,-3],[18,-15],[26,0],[47,16],[13,20],[23,-35],[4,-33],[27,-61],[49,3],[22,-57],[31,-19],[20,6],[25,-75],[13,50],[41,14],[-33,42],[48,-11],[36,1],[42,15],[45,-19],[11,49],[-4,35],[8,50],[-26,107],[25,-17],[19,-32],[19,-2],[-3,-38],[17,-24],[-24,-16],[-22,-67],[-6,-62],[32,-32],[10,12],[17,-42],[41,-50],[37,-6],[23,6],[26,-15],[38,-36],[23,-10],[37,1],[40,33],[30,-43],[4,-42],[30,-39],[22,-41],[26,7],[24,-31],[24,-1],[16,-25],[38,-19],[43,4],[70,-27],[-11,-60],[26,-61],[36,-20],[23,-55],[47,-51],[46,-20],[36,6],[11,-18],[35,-12],[4,-34],[38,-20],[23,11],[61,-40],[15,-27],[55,-46],[21,-2],[19,-35],[59,-16],[15,-43],[40,-16],[12,-27],[47,-4],[45,-21],[32,22],[27,-20],[39,-3],[29,17],[10,-20],[36,-3],[15,-89],[-3,-46],[9,-53],[14,23],[-11,37],[-11,82],[19,25],[19,-11],[46,30],[53,6],[43,32],[48,55],[24,10],[-4,-81],[20,-20],[18,-46],[4,-31],[-13,-25],[19,-67],[25,8],[-15,82],[-3,96],[-20,-23],[-2,46],[19,-1],[41,24],[36,45],[21,42],[-9,34],[20,14],[25,-23],[32,33],[31,56],[44,-41],[16,18],[19,-11],[31,-67],[0,-33],[19,-4],[0,-58],[19,-34],[-3,-57],[19,-12],[-3,-39],[17,2],[-1,32],[31,33],[15,41],[64,-57],[8,-26],[-26,-30],[4,-31],[-18,-24],[47,-68],[1,-30],[24,-55],[22,-6],[15,-28],[-1,-44],[-12,-24],[7,-44],[17,-23],[27,-5],[8,-29],[26,-40],[24,-1],[20,30],[25,-26],[-13,-36],[9,-32],[-2,-41],[8,-27],[22,-23],[-7,69],[-15,25],[-6,36],[9,36],[-14,30],[-32,-15],[-8,46],[-23,15],[-39,-2],[-30,21],[1,29],[52,65],[-16,22],[-20,56],[-30,35],[-32,24],[-3,60],[-30,-34],[-9,39],[17,8],[-5,47],[30,33],[-24,30],[-63,99],[-36,-22],[-22,1],[-35,43],[-3,87],[-16,45],[2,42],[20,25],[10,29],[18,12],[59,61],[9,-24],[38,-7],[50,17],[56,89],[45,36],[13,-26],[29,12],[28,-39],[61,14],[10,-24],[39,-29],[17,16],[19,-5],[61,51],[19,34],[23,68],[43,42],[4,-26],[30,-20],[21,10],[37,42],[13,-39],[6,-55],[37,-27],[15,-67],[29,-6],[34,11],[69,69],[49,82],[66,157],[43,143],[34,6],[34,32],[14,26],[38,-41],[10,-36],[20,-29],[24,-1],[24,14],[56,-65],[73,-21],[69,48],[8,29],[41,80],[39,118],[-3,39],[12,9],[8,53],[-13,16],[32,28],[55,-12],[12,-24],[17,9],[11,-65],[59,0],[26,-43],[23,-78],[-4,-45],[56,-21],[25,-2],[19,22],[42,-44],[6,-55],[23,-58],[33,-16],[12,-31],[8,-55],[28,-52],[11,-8],[6,-68],[17,-47],[30,-38],[-25,-39],[-33,-76],[-31,-1],[-23,-32],[32,-20],[15,-29],[-7,-67],[-23,-85],[-2,-87],[20,-65],[-22,-44],[5,-64],[13,-24],[2,-40],[22,-66],[42,4],[13,-16],[-7,-49],[-33,-50],[4,-30],[-29,-16],[5,62],[-22,6],[-12,-80],[6,-24],[-23,-21],[4,-44],[16,2],[25,40],[24,20],[5,31],[18,27],[18,47],[20,20],[10,-22],[-29,-34],[-15,-36],[-19,-113],[-26,-74],[-8,-79],[-17,-68],[0,-36],[-13,-53],[-3,-103],[12,-42],[16,-143],[19,-17],[22,-40],[7,-142],[-7,-36],[-31,-71],[-6,-76],[8,-24],[-15,-74],[8,-48],[20,-38],[-21,-10],[-25,-88],[-9,-57],[4,-99],[9,-45],[19,-41],[33,-21],[-10,-52],[27,-75],[-24,-41],[-6,-49],[11,-38],[-23,-29],[-14,-94],[0,-87],[21,-67],[16,1],[10,-59],[11,-17],[5,-49],[17,-8],[5,-59],[-34,-39],[6,-27],[-16,-42],[6,-26],[41,-36],[14,-32],[-19,-55],[5,-34],[-20,-13],[-12,-33],[-4,-70],[-8,-34],[-23,-20],[-16,70],[-36,12],[-10,19],[-5,49],[20,7],[17,60],[21,46],[-20,54],[-23,15],[0,20],[21,42],[30,18],[-5,45],[-37,35],[-24,-6],[-20,51],[7,16],[-46,40],[-11,32],[-19,-33],[-41,6],[-2,31],[22,62],[30,22],[29,2],[43,110],[-1,23],[-21,14],[-16,-49],[-29,-56],[-34,34],[-9,37],[-31,-59],[6,-49],[18,-13],[4,-40],[-17,-30],[-31,4],[-10,-18],[6,-38],[33,17],[21,-29],[24,8],[40,-9],[27,-18],[0,-24],[-48,16],[-44,7],[-52,-2],[-55,-24],[-24,-42],[8,-47],[2,-89],[-18,-87],[-32,-32],[-1,-19],[-41,-86],[-1,-29],[20,-27],[-17,-27],[1,-50],[-19,-37],[-2,-30],[-23,-3],[-19,-34],[-1,-33],[-24,-11],[12,-26],[20,27],[3,29],[31,33],[20,-17],[14,-62],[-20,-60],[-1,-28],[-29,-47],[-11,-52],[20,-43],[1,-37],[20,-19],[-3,-49],[-16,-52],[1,-73],[19,-23],[-22,-45],[-16,25],[-22,-13],[-13,-32],[-5,-55],[-32,3],[-3,54],[-23,43],[-22,-16],[21,-29],[0,-49],[-35,10],[-14,-20],[4,-41],[37,-8],[14,-60],[26,-39],[4,-64],[-8,-23],[31,-32],[-2,-49],[13,-23],[-8,-45],[-17,-18],[-9,-31],[12,-21],[-2,-49],[-16,-29],[-49,-22],[-24,-57],[-12,-51],[-7,-85],[-22,-77],[-13,-24],[-22,-64],[-2,-36],[-17,-24],[-74,-39],[-46,26],[-11,19],[-25,-23],[-13,9],[-21,-26],[-31,41],[-24,-6],[-4,43],[-39,22],[16,67],[-18,26],[-17,58],[2,52],[-23,-9],[-44,38],[-26,13],[-28,-6],[-36,-56],[-44,56],[-26,10],[16,-57],[16,-28],[22,-11],[2,-30],[18,-16],[19,28],[28,-26],[76,9],[21,-10],[-3,-28],[-26,3],[-39,-15],[-39,-36],[-17,-35],[11,-27],[-23,-91],[9,-28],[41,-40],[9,-30],[-3,-46],[-19,16],[-17,-38],[19,-57],[39,48],[-1,-41],[-37,-32],[7,-39],[-18,-37],[-82,-40],[-44,-26],[-10,-21],[-19,40],[13,25],[0,30],[-24,33],[12,73],[18,-14],[-1,-50],[15,-36],[4,-39],[29,-12],[29,27],[-5,68],[14,42],[-18,43],[-22,23],[8,74],[12,38],[29,20],[-15,29],[-23,-15],[-30,11],[-23,-93],[-18,14],[13,80],[-20,70],[-71,22],[-3,66],[-17,18],[-24,82],[-51,43],[11,40],[-10,21],[-20,0],[-15,49],[1,39],[-37,32],[-29,11],[-21,34],[-20,-18],[-3,-29],[35,2],[35,-32],[29,-51],[18,-52],[-18,-56],[29,-52],[28,19],[40,-40],[-4,-67],[25,-29],[6,-48],[-13,-53],[32,-24],[9,-50],[-10,-75],[-12,-5],[-10,-59],[-21,-28],[9,-34],[-8,-23],[28,-129],[-14,-29],[-29,-4],[-33,100],[-7,44],[-22,-35],[14,-15],[-31,-124],[30,-14],[30,-29],[-5,-34],[-22,-32],[-33,2]],[[45215,83420],[43,-20],[17,-44],[31,31],[36,-45],[18,-34],[12,-47],[-4,-76],[29,34],[31,-52],[32,-28],[18,-28],[-11,-104],[-15,-39],[-1,-45],[27,-139],[10,-9],[7,-54],[-21,-60],[-16,-19],[1,-51],[-26,-57],[2,-33],[19,5],[21,63],[11,53],[17,-10],[27,-52],[3,41],[-17,28],[17,54],[15,17],[-4,58],[17,38],[-16,80],[21,34],[4,47],[17,19],[-24,44],[-18,12],[6,97],[-11,85],[3,106],[5,20],[-9,31],[-4,78],[-10,41],[5,43],[17,4],[36,-32],[-8,-43],[46,22],[19,2],[36,-23],[13,-21],[21,-13],[19,-77],[33,-16],[26,-29],[46,-16],[46,-36],[15,-25],[12,-48],[22,-64],[18,-63],[3,-64],[18,-17],[47,-88],[47,-126],[2,-40],[-10,-32],[-18,-27],[-36,-38],[-4,-44],[9,-27],[25,74],[42,1],[21,46],[20,4],[23,-8],[20,-27],[19,17],[1,34],[-30,51],[-16,41],[-15,58],[-1,108],[10,3],[19,41],[-11,9],[-20,-31],[-8,10],[-18,93],[5,78],[-1,45],[-22,24],[-26,-42],[-9,58],[-18,70],[-34,109],[-14,32],[0,38],[-9,35],[-34,103],[-8,15],[8,41],[39,-52],[43,-98],[16,-45],[23,-100],[36,27],[-1,35],[-25,39],[-16,40],[-19,102],[8,25],[59,-90],[14,-42],[37,22],[37,-36],[33,-9],[49,4],[24,17],[37,-20],[20,-19],[20,7],[40,36],[4,41],[55,44],[-11,19],[36,98],[-27,7],[-16,-9],[-23,-34],[-26,-53],[-9,-28],[-14,-13],[-29,-2],[-23,-23],[-22,-3],[-15,10],[-12,26],[7,36],[26,15],[20,53],[7,7],[3,60],[-28,-52],[1,-23],[-33,-15],[-24,-19],[-14,8],[-21,36],[-42,34],[-19,33],[-6,42],[4,44],[-28,31],[-38,106],[-28,12],[-12,38],[-11,58],[5,79],[26,-4],[40,12],[85,-5],[30,62],[5,21],[23,19],[10,-5],[44,84],[-10,20],[-90,-59],[-44,-49],[-22,3],[-62,33],[-22,1],[-39,15],[-15,32],[-48,14],[-10,48],[-27,49],[-10,32],[-21,23],[-31,-28],[-6,41],[5,22],[-24,15],[-21,52],[3,26],[-19,50],[-32,36],[-40,4],[8,59],[-1,46],[18,80],[-10,43],[22,52],[16,14],[29,100],[-6,70],[-1,64],[18,10],[28,56],[13,58],[8,-7],[22,57],[29,129],[19,20],[-12,28],[6,36],[-4,67],[-17,9],[0,38],[15,6],[22,-28],[28,39],[7,-39],[-5,-32],[10,-25],[-17,-70],[0,-58],[17,-30],[20,7],[-3,69],[6,66],[17,41],[16,-33],[18,5],[23,80],[1,28],[-29,58],[7,22],[45,-58],[18,-3],[20,12],[63,64],[26,17],[18,65],[20,50],[9,71],[-9,14],[2,77],[-17,62],[-28,12],[10,132],[25,61],[31,44],[16,45],[28,51],[-12,42],[9,103],[-10,23],[2,79],[6,75],[40,177],[13,75],[6,67],[-7,119],[39,23],[29,28],[-8,52],[25,89],[18,-31],[1,-119],[11,-32],[27,-47],[47,-23],[21,8],[26,-6],[34,19],[33,39],[17,39],[17,14],[55,118],[16,-28],[34,25],[30,62],[39,120],[68,325],[-15,55],[-2,28],[-16,49],[-24,49],[-54,128],[-42,-5],[-20,36],[4,89],[13,39],[8,44],[-20,46],[4,60],[8,53],[2,47],[14,78],[-2,61],[-14,18],[2,36],[14,47],[2,49],[26,12],[23,55],[24,-7],[0,-44],[17,-42],[25,-19],[53,21],[60,73],[16,41],[25,21],[1,38],[20,98],[15,118],[-7,34],[4,42],[-5,51],[5,82],[-13,57],[2,81],[6,49],[17,-22],[20,0],[15,-21],[21,-47],[4,24],[-15,37],[-1,56],[21,15],[33,57],[13,-23],[22,15],[46,-83],[24,9],[13,-48],[3,-66],[22,-28],[26,32],[8,-21],[19,3],[13,-31],[-4,-45],[34,48],[6,-14],[46,31],[27,-7],[12,-27],[22,-7],[7,-21],[24,33],[-34,16],[-40,71],[-29,17],[-15,41],[-15,-13],[-21,17],[-18,-28],[-16,49],[1,33],[-39,65],[49,21],[10,-20],[24,43],[1,27],[-29,44],[-16,-20],[-10,44],[-1,43],[13,68],[11,89],[8,32],[23,-1],[-1,40],[-19,23],[-14,42],[16,29],[36,33],[-13,41],[-29,12],[-13,60],[18,3],[36,48],[34,-7],[19,-14],[41,-63],[30,6],[8,-24],[21,-16],[38,-2],[19,-31],[-1,-43],[-8,-22],[-4,-59],[29,-3],[-9,-30],[10,-46],[-2,-31],[-11,-19],[7,-47],[-10,-47],[19,-7],[3,-90],[16,60],[-11,52],[19,43],[14,-1],[9,-53],[36,5],[1,-32],[24,-54],[12,-44],[3,-57],[17,-10],[0,53],[48,0],[23,-14],[17,-78],[13,3],[2,50],[-25,63],[-13,40],[-24,26],[-13,-11],[-24,10],[-20,174],[19,-16],[25,22],[11,-13],[17,24],[10,-25],[-1,-46],[26,-23],[11,36],[-19,22],[2,48],[-16,39],[-1,23],[-31,8],[-18,-42],[-17,7],[-19,29],[30,23],[7,19],[-26,14],[-36,44],[-1,-64],[-27,31],[-7,30],[11,66],[-10,43],[14,1],[14,60],[-10,29],[16,19],[11,-5],[14,59],[34,70],[41,-34],[31,2],[12,-13],[40,14],[14,-23],[40,-30],[26,7],[-14,33],[-7,37],[9,45],[-26,-11],[3,49],[15,94],[8,98],[-3,34],[-11,30],[-24,21],[-14,66],[2,51],[11,23],[38,41],[21,11],[9,-45],[19,-25],[31,38],[36,-4],[3,-58],[14,-22],[32,7],[13,33],[18,-15],[-1,-28],[16,-38],[21,-23],[17,-43],[19,-18],[34,5],[3,25],[-23,3],[2,56],[14,34],[16,59],[-5,78],[28,83],[-6,81],[5,25],[26,62],[12,19],[9,-30],[-5,-47],[28,-57],[-8,-69],[10,-21],[-10,-52],[12,-27],[-12,-58],[3,-34],[17,-67],[21,-57],[33,-66],[42,-55],[68,-47],[38,-10],[63,3],[33,11],[34,-2],[52,-11],[112,-3],[13,11],[90,19],[46,39],[61,45],[57,83],[29,3],[18,-29],[-2,-22],[18,-34],[2,-33],[31,-49],[56,-34],[18,-2],[41,-33],[68,-19],[3,37],[83,91],[34,60],[25,77],[20,0],[33,27],[22,29],[8,47],[42,4],[3,-82],[20,-61],[52,38],[26,27],[27,8],[19,-53],[32,-55],[39,40],[-1,60],[39,163],[54,23],[65,63],[38,59],[11,6],[19,-37],[72,55],[-9,41],[5,53],[-10,103],[27,212],[1,76],[7,66],[16,19],[-13,46],[5,43],[-7,23],[-11,86],[-25,37],[-17,-2],[-21,18],[-16,44],[23,56],[28,22],[10,39],[30,55],[-15,28],[-13,-16],[-45,-18],[-77,36],[-11,24],[-14,59],[-24,17],[-3,101],[6,33],[46,-6],[29,4],[19,-47],[21,-12],[14,11],[-2,38],[-22,39],[-45,52],[-3,30],[-15,51],[14,11],[13,64],[-23,2],[-20,31],[9,65],[-24,5],[-20,33],[-1,55],[40,60],[-26,-8],[-23,-37],[-25,19],[-19,53],[-47,20],[-36,-8],[-23,10],[-42,30],[-25,-18],[-47,-52],[-43,8],[-34,21],[-16,-1],[-38,-40],[-22,-61],[-32,2],[-14,-30],[-18,-9],[-5,-39],[-31,-28],[-16,-36],[-9,23],[-38,3],[-18,18],[-10,29],[-4,47],[-20,18],[-10,30],[-6,56],[7,15],[19,-9],[9,19],[7,49],[-25,43],[-44,-29],[-29,8],[-6,17],[12,47],[-13,12],[-34,-25],[-30,40],[28,45],[23,-10],[-16,68],[15,27],[-14,26],[-13,0],[-10,-28],[-13,9],[-24,-41],[-9,20],[14,57],[16,25],[-39,15],[-14,30],[-40,48],[-25,1],[-20,-53],[-69,-28],[-29,0],[-16,64],[26,1],[4,28],[27,-18],[11,22],[-2,33],[-15,30],[21,7],[22,-39],[35,-8],[9,26],[-14,32],[2,26],[-16,15],[-11,43],[-18,33],[9,43],[13,-50],[21,0],[7,31],[23,-18],[11,-44],[15,77],[-14,24],[3,42],[15,-3],[18,-27],[9,-38],[-6,-20],[38,-81],[-6,-36],[53,31],[22,42],[9,32],[-36,118],[10,19],[20,-24],[8,68],[-18,46],[8,30],[18,18],[13,-9],[21,-52],[25,-129],[18,-28],[8,25],[17,0],[14,-37],[13,-81],[15,-4],[17,46],[8,-47],[-10,-29],[-2,-36],[-13,-17],[8,-37],[17,20],[0,-56],[-14,-11],[-8,-42],[13,-28],[3,-41],[15,-41],[7,55],[0,38],[9,33],[12,-6],[0,-36],[21,-20],[-9,-33],[-5,-71],[11,-5],[4,-89],[15,-67],[20,-9],[-3,39],[39,-31],[2,38],[-12,22],[2,27],[-18,11],[-7,44],[10,38],[45,-53],[14,19],[-1,37],[7,31],[-13,53],[-23,39],[-27,27],[-1,52],[10,38],[-11,37],[0,41],[13,48],[-10,54],[-10,3],[-21,53],[-13,4],[1,68],[-28,22],[3,56],[9,31],[16,-19],[29,5],[16,-43],[1,-59],[17,-47],[29,-42],[23,-10],[-6,-49],[10,-26],[30,-121],[20,-6],[-4,44],[3,58],[-23,52],[13,44],[-8,18],[-5,49],[40,28],[20,-22],[15,40],[24,38],[8,36],[22,-45],[3,-81],[8,-45],[25,-41],[-5,-70],[1,-46],[-8,-47],[8,-18],[-10,-58],[6,-17],[30,-3],[7,22],[4,72],[16,-12],[6,57],[-11,39],[11,37],[19,33],[21,-17],[34,-96],[4,-24],[15,-5],[26,-32],[-6,-64],[4,-41],[-4,-62],[12,0],[11,-44],[19,15],[21,-8],[14,-67],[18,-21],[22,-64],[20,-31],[26,-6],[12,-26],[12,-68],[0,-88],[5,-30],[28,-83],[35,-25],[15,9],[24,-23],[31,16],[20,56],[23,32],[2,23],[17,28],[14,66],[28,15],[16,36],[11,47],[-5,26],[37,34],[12,-63],[21,-10],[13,-35],[12,1],[16,29],[-4,47],[13,52],[-10,30],[-12,10],[-4,37],[-14,31],[-22,22],[9,28],[37,-29],[27,25],[11,-24],[13,-70],[18,-22],[4,-39],[31,-101],[35,-13],[18,-31],[17,-85],[34,-114],[44,-59],[-11,-71],[7,-42],[25,-79],[13,-57],[4,-58],[13,-41],[24,-53],[2,-31],[19,-46],[-2,-16],[18,-41],[31,-33],[70,-33],[47,9],[30,34],[20,37],[53,33],[20,-23],[5,-51],[-18,-22],[-34,5],[-12,-42],[5,-57],[14,-33],[44,17],[11,-37],[22,24],[-8,28],[24,27],[19,51],[17,-76],[-22,3],[1,-30],[12,-28],[43,10],[14,-13],[0,-33],[18,-34],[24,35],[3,24],[31,0],[46,61],[8,-27],[-10,-51],[-1,-69],[-11,-30],[6,-63],[-21,-56],[6,-40],[12,18],[13,61],[4,35],[17,29],[18,56],[59,-8],[-6,-57],[4,-25],[38,7],[12,32],[19,2],[15,17],[0,38],[22,49],[17,16],[68,2],[47,59],[9,22],[-2,41],[23,44],[18,-14],[21,2],[21,18],[8,-41],[19,-40],[21,-10],[41,1],[26,28],[8,-68],[-27,-50],[-6,-57],[-15,-22],[-16,16],[-23,4],[-22,-21],[-18,-58],[-16,-22],[11,-34],[8,-57],[9,-22],[23,6],[25,-66],[2,-29],[18,9],[31,0],[3,-37],[24,7],[12,18],[55,41],[12,18],[23,80],[47,25],[12,-21],[24,-21],[-4,-50],[19,-33],[4,-28],[-13,-26],[5,-48],[21,22],[12,-6],[11,39],[42,36],[2,-49],[22,-55],[32,-65],[-8,-32],[-20,11],[-3,-47],[6,-23],[25,-30],[26,-84],[-15,-56],[-3,-57],[-22,-82],[0,-21],[17,-63],[19,69],[7,85],[16,26],[6,27],[25,44],[34,13],[3,62],[-6,36],[1,47],[14,-6],[36,17],[31,-78],[56,-86],[34,-26],[33,-11],[7,-21],[27,-18],[30,-4],[36,7],[6,-21],[37,-1],[42,13],[60,36],[49,15],[74,101],[43,141],[29,1],[16,19],[35,6],[5,25],[32,-26],[-5,-27],[2,-55],[-5,-44],[21,-15],[14,-78],[11,-45],[16,1],[21,-23],[27,-12],[1,-50],[-5,-23],[2,-79],[19,-53],[40,-9],[19,-35],[17,-15],[27,26],[26,-9],[32,-34],[23,-50],[9,-50],[17,-63],[58,-99],[13,-38],[67,48],[19,2],[14,20],[16,-15],[8,15],[22,-33],[8,-48],[44,-53],[22,-33],[8,20],[-26,72],[-18,20],[-1,33],[-22,42],[5,16],[32,-21],[23,-4],[53,27],[22,0],[24,-84],[40,-12],[32,22],[17,21],[0,36],[-23,-28],[-30,-2],[-32,41],[-20,57],[-32,6],[-8,27],[-21,5],[9,33],[47,8],[22,45],[24,1],[23,49],[-19,31],[2,33],[30,35],[34,16],[7,38],[18,29],[11,-23],[16,-2],[13,29],[33,-4],[-20,-54],[15,-35],[49,0],[24,13],[53,69],[17,70],[26,-9],[10,-66],[35,-36],[45,56],[19,32],[29,26],[26,63],[44,15],[11,27],[22,8],[25,36],[34,1],[43,49],[46,37],[28,4],[40,31],[32,4],[32,40],[6,-21],[-50,-78],[-5,23],[-43,-14],[-10,4],[-13,-26],[9,-30],[-17,-16],[-9,-30],[-20,-21],[-8,-29],[-28,-28],[-26,-87],[-14,-20],[-3,-29],[-19,0],[-3,-29],[-19,-7],[-20,-66],[-21,-19],[-23,-49],[-13,1],[-12,-52],[0,-98],[15,-58],[20,-56],[21,-38],[25,-22],[27,-97],[25,93],[19,25],[24,-19],[5,45],[-2,61],[44,63],[19,49],[11,-16],[9,25],[22,0],[6,37],[14,-4],[1,43],[21,4],[-6,-41],[3,-23],[20,-27],[8,61],[13,38],[16,2],[11,-31],[18,27],[29,17],[0,17],[53,66],[3,50],[-9,23],[19,37],[13,-1],[29,31],[-2,-39],[-15,-12],[-12,-69],[-11,-37],[-14,-15],[-16,-54],[-10,-12],[-9,-39],[-5,-59],[-16,13],[-22,-44],[-25,-70],[4,-40],[35,-41],[-2,-34],[15,-34],[34,2],[17,11],[11,73],[38,14],[11,16],[23,-25],[0,-18],[-16,-73],[-11,17],[-12,-14],[-8,-56],[-16,7],[-13,-20],[20,-57],[-23,-66],[-14,-66],[-13,1],[-18,-48],[3,-58],[16,7],[23,-17],[16,13],[-9,-74],[-16,-52],[12,-46],[19,-19],[-6,-69],[11,1],[13,32],[9,-28],[12,38],[1,49],[26,69],[16,-21],[-5,-20],[10,-35],[17,-4],[34,28],[22,5],[12,23],[22,-5],[6,-64],[21,-13],[29,-3],[38,17],[63,83],[51,96],[10,54],[-11,38],[31,70],[12,80],[-13,28],[25,16],[13,42],[3,36],[-15,36],[28,14],[-10,93],[-8,32],[-16,27],[-19,4],[-14,-24],[-32,18],[-73,-27],[-18,2],[-1,34],[-12,40],[-11,12],[-32,-36],[-26,13],[6,49],[-3,47],[36,-10],[19,33],[2,57],[16,-4],[12,45],[19,17],[2,32],[27,78],[-3,18],[53,51],[14,-12],[19,9],[8,-27],[39,105],[15,-15],[20,54],[1,38],[20,58],[10,10],[12,42],[16,0],[7,-36],[20,42],[6,47],[19,-27],[32,-10],[53,40],[9,57],[44,5],[18,45],[11,-34],[-41,-74],[-26,-24],[-25,-10],[-30,-23],[-31,-4],[-6,-28],[0,-43],[-19,14],[-9,-15],[9,-59],[12,0],[25,-44],[20,0],[9,64],[13,29],[19,1],[10,-15],[8,-78],[12,-51],[11,-72],[12,-47],[12,-21],[22,8],[3,-26],[-9,-59],[6,-36],[-13,-57],[15,-78],[12,-36],[4,-52],[35,-62],[30,-31],[2,-96],[22,-38],[28,3],[11,14],[11,-28],[19,-2],[9,38],[31,0],[20,70],[11,9],[-1,36],[-22,21],[2,31],[-19,-9],[-16,19],[-9,33],[-24,30],[-25,-17],[3,39],[27,-13],[29,10],[5,33],[22,4],[12,20],[26,-1],[17,16],[9,-60],[28,-67],[18,-29],[11,9],[18,-13],[20,6],[26,-27],[15,-73],[22,-5],[3,-35],[-4,-49],[17,-16],[20,6],[0,-40],[7,-57],[9,-25],[-15,-55],[15,-42],[22,-3],[14,-45],[-25,11],[-58,-57],[-16,-37],[-4,-34],[-28,-34],[-37,-80],[-43,-109],[-11,-35],[-33,-54],[-12,-35],[-14,-15],[-4,37],[19,45],[3,38],[20,1],[8,19],[-5,113],[-19,4],[-26,-47],[-30,-36],[-10,5],[-14,-44],[6,-32],[18,-24],[1,-25],[-18,-26],[8,-19],[17,3],[-9,-56],[-26,0],[-10,-36],[-14,10],[-15,-23],[1,-42],[-20,10],[-3,-37],[21,12],[14,65],[18,-11],[29,3],[9,47],[19,-8],[1,-58],[-11,10],[-27,-30],[-35,-73],[-17,-59],[-19,-110],[4,-56],[21,-33],[-2,-34],[-33,15],[-12,-18],[-16,5],[-3,21],[-28,6],[-28,-50],[-11,-61],[2,-22],[25,-29],[6,-53],[-15,-51],[-7,-64],[5,-51],[-24,17],[-15,24],[-6,57],[6,33],[-4,59],[-21,11],[-5,25],[-15,10],[-3,31],[-18,-7],[-18,-40],[2,-52],[12,-51],[-7,-36],[-15,-9],[-12,36],[-38,77],[-18,-16],[-7,-25],[4,-35],[28,-19],[-11,-46],[-4,-43],[6,-32],[21,-23],[11,1],[6,-48],[13,-23],[20,-14],[31,8],[-16,-41],[-1,-39],[8,-36],[15,11],[22,-31],[9,1],[44,-47],[17,-35],[15,0],[8,-86],[8,-31],[14,-3],[14,-28],[-19,-36],[-28,7],[1,28],[-9,54],[0,35],[-17,17],[-26,-36],[1,-29],[-22,-25],[2,-56],[-24,8],[4,46],[-16,34],[10,24],[-18,42],[-20,-22],[-15,-39],[-16,24],[-20,-15],[-13,-28],[-45,52],[-12,-30],[3,-21],[37,-18],[23,12],[16,-7],[1,-47],[38,-31],[-7,-30],[1,-45],[9,-20],[41,-8],[-29,-100],[-24,-153],[-26,21],[-25,-30],[-19,-56],[0,-51],[-10,-82],[5,-56],[-10,-37],[-19,-22],[-12,18],[10,70],[-20,19],[-3,-35],[-30,-13],[-21,-21],[-20,-73],[-33,-92],[-7,-31],[-19,-43],[-14,0],[-21,85],[19,20],[7,48],[-14,63],[32,9],[10,-23],[19,11],[21,54],[-11,78],[-18,24],[6,41],[-2,48],[-18,52],[20,21],[-4,29],[-15,38],[19,31],[-10,40],[11,41],[-9,64],[-40,32],[-33,-58],[-6,-20],[-3,-61],[-19,-38],[26,-5],[14,-33],[-2,-26],[-18,-44],[13,-44],[-9,-19],[-38,-7],[-2,37],[-16,-9],[-21,15],[4,73],[-11,7],[-9,-57],[-11,0],[-18,30],[-4,-45],[15,-14],[6,-36],[11,-4],[-11,-53],[4,-53],[-20,11],[-13,-19],[-5,-50],[3,-20],[-17,-41],[-22,7],[-11,32],[-12,-4],[-24,-33],[-9,27],[3,50],[-15,21],[0,52],[10,6],[6,48],[6,82],[-2,33],[-12,34],[-24,-26],[-7,-33],[-25,-23],[-7,-37],[14,-20],[-24,-48],[-16,-48],[-2,-33],[10,-32],[-5,-20],[-28,25],[-18,-48],[18,-58],[-13,-48],[1,-62],[-13,-29],[-11,36],[7,20],[-12,89],[-3,50],[-10,19],[-9,57],[-23,12],[-21,-25],[-13,-30],[-9,-101],[-22,2],[-9,42],[-41,-51],[-10,-32],[-4,-60],[-21,-30],[-17,-83],[-2,-62],[15,-28],[15,-2],[27,-34],[7,-35],[-9,-23],[10,-39],[36,17],[24,4],[-1,-50],[-10,-51],[-27,31],[-18,-22],[-3,-23],[12,-23],[-11,-25],[-14,20],[-7,46],[-22,25],[-4,30],[-16,1],[-28,-30],[-7,-34],[8,-64],[-8,-45],[6,-29],[-10,-73],[16,-49],[-1,-55],[-16,-32],[-21,2],[2,-44],[-8,-27],[15,-71],[27,-20],[8,-52],[2,-53],[12,-30],[14,-3],[23,34],[9,-33],[1,-38],[-19,8],[-32,-59],[2,-33],[14,-47],[33,-48],[14,-4],[47,8],[31,34],[14,41],[25,21],[9,23],[-1,37],[20,1],[11,19],[-2,57],[27,51],[31,-33],[4,-40],[-15,-3],[-16,-27],[-2,-46],[-12,-17],[-15,-40],[6,-47],[-4,-41],[-22,-17],[-9,-29],[0,-42],[-10,-41],[14,-94],[-2,-20],[-23,-48],[-10,-36],[3,-49],[-6,-56],[-27,-50],[-18,-96],[-17,-16],[-39,-74],[-12,-51],[9,-38],[-3,-98],[-11,-92],[-20,-57],[-1,-78],[-13,-145],[1,-29],[-22,-22],[-43,-64],[-27,-52],[-18,4],[-20,-12],[-17,-29],[-15,-54],[-24,-49],[-42,-25],[15,-30],[-23,-78],[-9,-49],[-39,-131],[-16,-39],[6,-44],[-6,-36],[-20,25],[-50,-30],[-15,-33],[-13,-48],[3,-33],[-16,-59],[0,-50],[-19,-10],[-16,-37],[6,-34],[-15,-3],[-19,-40],[-16,-65],[-13,-93],[-3,-54],[5,-48],[20,-11],[-8,-44],[-20,13],[-35,-63],[-12,22],[-29,-24],[-33,-75],[-20,-66],[-14,-28],[-18,-5],[-16,48],[-16,-18],[7,-75],[10,-59],[3,-81],[-3,-28],[26,-112],[-5,-46],[34,-107],[6,-41],[26,-97],[20,-61],[20,-15],[26,-38],[30,-58],[33,-33],[41,-54],[2,-14],[48,-24],[38,21],[39,-45],[3,-33],[29,-19],[18,-30],[1,-24],[17,-17],[12,-39],[26,7],[87,-115],[82,-84],[19,-31],[32,-65],[13,-42],[23,-55],[58,-67],[21,-42],[19,-12],[53,-60],[16,-7],[14,-33],[25,-39],[36,-39],[18,-9],[39,-39],[11,-27],[27,-39],[53,2],[18,-32],[34,-39],[3,-94],[17,-102],[14,-40],[1,-57],[8,-53],[28,-104],[38,-51],[5,-35],[25,-28],[26,-14],[27,1],[21,-33],[29,3],[16,-18],[16,-41],[27,-23],[21,-34],[50,-114],[48,-74],[3,-23],[18,-13],[15,5],[-6,43],[20,11],[15,-5],[30,45],[21,10],[13,24],[19,73],[29,-17],[18,31],[6,-49],[21,3],[18,-33],[18,-3],[-3,-47],[-9,-41],[-38,-109],[-4,-37],[-50,14],[7,-58],[24,-6],[12,-36],[-3,-23],[26,-46],[16,-58],[9,-13],[2,-64],[-32,-57],[6,-50],[15,-49],[32,-3],[56,123],[6,-48],[29,3],[21,15],[21,1],[19,-26],[24,6],[19,-23],[3,-24],[25,2],[12,-19],[13,5],[15,-25],[39,17],[-25,19],[-14,27],[-4,46],[24,37],[34,32],[22,-2],[-6,39],[16,30],[12,-37],[5,-37],[20,6],[25,-49],[37,-89],[8,3],[17,-34],[25,-32],[37,-32],[13,5],[54,-46],[54,-76],[16,-14],[60,-27],[24,-51],[-1,-19],[26,-75],[27,-52],[6,-35],[30,-43],[52,-49],[30,-14],[29,-51],[23,15],[40,-21],[44,-50],[21,-13],[10,10],[54,-29],[8,17],[70,-46],[23,-25],[50,-41],[38,-42],[69,-29],[14,-44],[2,-41],[12,-9],[27,-60],[30,-117],[20,-41],[14,-52],[22,-39],[25,-89],[20,-58],[33,-65],[76,-114],[17,-54],[23,-45],[18,-19],[20,-38]],[[56192,80916],[-14,0],[-8,48],[25,16],[-3,-64]],[[50820,94406],[-2,70],[36,-43],[-10,-39],[-20,-16],[-4,28]],[[50628,94459],[3,40],[25,0],[-7,-42],[-21,2]],[[56085,94612],[27,-8],[-5,-24],[-18,7],[-4,25]],[[50592,94628],[-6,-53],[-11,7],[17,46]],[[56380,80943],[-8,30],[-5,91],[-5,33],[17,21],[-1,42],[18,60],[14,-6],[-2,-37],[17,1],[-5,62],[12,-1],[21,38],[-12,107],[24,-8],[15,-24],[6,-55],[8,-18],[3,-40],[18,-16],[22,-3],[4,-35],[16,8],[9,-41],[-5,-53],[10,-89],[-9,-64],[4,-51],[14,-42],[21,-14],[-12,-108],[-19,-49],[-41,-42],[-22,20],[6,60],[-10,43],[-16,1],[-12,-21],[-26,38],[-11,36],[-17,134],[7,34],[-12,23],[-8,-33],[-28,25],[0,-57]],[[55915,81467],[-18,-18],[-12,-57],[6,-93],[-12,-51],[-3,-41],[-43,2],[-12,13],[-21,-37],[-31,0],[-26,38],[22,38],[1,62],[-10,37],[18,32],[7,52],[-15,57],[35,27],[23,1],[24,13],[4,42],[14,2],[38,-26],[5,-17],[6,-76]],[[56101,81203],[12,17],[17,-3],[15,-19],[17,10],[31,-42],[18,-8],[7,-49],[-27,-61],[-17,15],[-15,31],[-17,-49],[20,-4],[15,-61],[-18,-16],[-5,-21],[-22,-27],[-36,-12],[-9,-27],[-16,23],[-1,45],[21,53],[-10,36],[-2,77],[9,16],[-8,35],[7,48],[14,-7]],[[56272,81307],[10,-53],[-16,-32],[-33,-4],[4,32],[-10,49],[-1,63],[24,32],[-5,31],[-15,36],[2,51],[22,16],[5,63],[16,-12],[4,-57],[22,-132],[16,-15],[-13,-33],[-32,-35]],[[54611,83343],[1,21],[27,47],[11,1],[5,63],[-7,28],[14,46],[31,-5],[16,-32],[13,-79],[-1,-57],[-41,-12],[-7,19],[-24,-29],[-12,-30],[-15,23],[-11,-4]],[[56224,81434],[4,-30],[-7,-23],[-49,10],[-17,57],[27,11],[26,-7],[16,-18]],[[46187,83631],[-31,50],[4,18],[44,-22],[38,-39],[-14,-25],[-18,0],[-23,18]],[[56158,81297],[-14,14],[15,54],[31,-16],[2,-32],[-34,-20]],[[54487,84505],[3,40],[30,6],[8,-15],[-26,-72],[-15,41]],[[55956,81319],[13,37],[34,-23],[-1,-27],[-23,1],[-23,12]],[[55633,86386],[-11,20],[0,43],[19,46],[17,2],[7,-45],[23,32],[10,-43],[26,4],[17,-15],[36,31],[9,34],[-4,60],[11,29],[15,-8],[-3,-76],[21,-17],[28,31],[38,9],[-10,55],[17,6],[35,-13],[1,64],[-25,19],[5,52],[-9,30],[-31,21],[1,118],[29,4],[30,-28],[-20,-36],[10,-37],[22,41],[19,11],[11,-12],[21,18],[6,59],[13,41],[47,17],[10,-46],[1,-38],[-18,-78],[-16,-6],[-20,-39],[-14,-5],[9,-96],[11,-32],[34,-10],[-13,-50],[6,-39],[17,-29],[-10,-43],[3,-20],[42,25],[16,-26],[41,-21],[20,-23],[28,19],[15,29],[9,76],[-18,33],[-25,1],[26,39],[8,23],[0,74],[8,16],[37,-21],[25,7],[23,-29],[11,-45],[1,-28],[15,-46],[-17,-7],[-23,-51],[-17,-50],[-36,-146],[-1,-51],[-18,9],[-33,-2],[-12,12],[-30,-35],[-17,-51],[-15,-68],[-9,-82],[0,-49],[11,-47],[11,-17],[17,15],[22,-2],[1,-50],[-21,0],[-23,-27],[-15,7],[-19,-43],[-5,-27],[8,-43],[-10,-9],[-19,60],[-17,-12],[4,-27],[-13,-30],[-4,-51],[-16,-11],[-1,-32],[6,-48],[13,-13],[1,-28],[-12,-34],[26,-64],[13,-12],[29,12],[14,-27],[31,9],[3,23],[-17,26],[18,69],[21,4],[11,-40],[12,-4],[36,-61],[13,-60],[14,-10],[23,6],[22,24],[11,56],[16,32],[3,24],[37,14],[26,-23],[-14,-85],[-16,17],[-10,-45],[3,-26],[20,-14],[-7,-23],[10,-48],[-16,-39],[9,-59],[-17,-14],[-1,-48],[-39,34],[-18,-56],[-24,9],[-15,54],[-16,16],[-22,-32],[-14,34],[-17,-1],[-16,26],[-33,25],[-14,-8],[-44,13],[-19,-12],[-30,-32],[-13,-3],[-21,-30],[-10,-35],[-14,29],[-16,-21],[-11,25],[-15,3],[-3,44],[-10,15],[-24,1],[-36,15],[-21,-4],[-25,22],[-15,-4],[-23,59],[-44,-10],[-29,27],[-22,30],[-2,29],[-23,34],[-23,0],[-36,-18],[-55,-51],[-41,-68],[-4,88],[26,32],[77,70],[27,43],[3,50],[17,43],[12,8],[5,37],[-20,69],[1,43],[-17,59],[6,28],[-9,90],[2,69],[-12,44],[18,75],[21,164],[-4,46],[-23,70]],[[55317,86572],[-2,52],[-21,10],[-31,-31],[-2,-31],[9,-52],[-1,-38],[14,0],[0,-42],[-54,-4],[-15,18],[-18,45],[21,78],[-15,68],[-1,63],[5,31],[19,-5],[28,-42],[21,-9],[26,24],[-8,40],[9,30],[-2,44],[16,22],[1,71],[30,24],[18,-2],[36,-36],[2,-52],[18,3],[16,-38],[23,-7],[6,-63],[-19,-32],[-18,12],[-25,-37],[1,-27],[30,7],[-2,-39],[8,-65],[-28,22],[1,-65],[-8,-40],[0,-31],[-14,-16],[-5,-29],[-51,-28],[-9,26],[18,68],[-7,37],[-24,50],[4,16]],[[55246,87339],[13,32],[-11,39],[-16,2],[0,34],[-11,41],[17,58],[-11,38],[5,35],[14,22],[-10,35],[-2,41],[6,29],[18,-6],[6,-58],[12,-39],[18,-8],[2,-48],[22,-37],[19,-13],[-10,-42],[-21,16],[-19,-11],[-11,-40],[-30,29],[2,-38],[8,-28],[12,3],[15,-47],[-2,-37],[-24,-5],[-4,-57],[4,-47],[-10,-9],[-18,74],[17,23],[0,19]],[[55748,86779],[24,0],[3,43],[11,4],[12,-52],[6,-57],[-6,-42],[9,-59],[-30,-52],[-18,12],[-17,35],[-11,55],[-24,27],[-5,28],[9,49],[37,9]],[[46645,88345],[0,79],[15,-13],[39,2],[24,-55],[-9,-33],[-20,15],[-45,-8],[-4,13]],[[55563,86418],[-42,-7],[-5,16],[28,80],[19,0],[8,-41],[-8,-48]],[[55156,87498],[2,37],[10,10],[22,-9],[10,-28],[-33,-27],[-11,17]],[[46738,88260],[6,32],[16,-21],[12,-58],[-9,-5],[-22,30],[-3,22]],[[55375,87158],[17,6],[2,-44],[-30,-3],[-6,41],[17,0]],[[55980,86929],[2,34],[18,-6],[4,-32],[-6,-30],[-21,-5],[3,39]],[[55388,87527],[-1,56],[40,-46],[-7,-21],[-18,24],[-14,-13]],[[55859,86934],[12,29],[15,-30],[-20,-14],[-7,15]],[[55183,87978],[-10,-42],[-11,37],[21,5]],[[55608,87031],[0,24],[26,-1],[3,-31],[-29,8]],[[47546,93468],[29,-70],[2,-36],[19,-19],[6,-24],[-7,-34],[29,-66],[9,57],[21,-21],[27,-11],[-1,-30],[41,-54],[26,11],[-14,32],[-38,31],[8,49],[-24,24],[0,34],[-23,18],[-8,41],[-50,20],[0,28],[10,71],[23,4],[60,27],[11,29],[21,-2],[45,10],[43,21],[21,31],[3,18],[24,31],[18,50],[19,-3],[95,-78],[19,-50],[41,-16],[18,-19],[25,58],[0,31],[-14,28],[0,24],[33,18],[12,25],[14,4],[26,33],[16,34],[4,38],[13,33],[21,-5],[15,8],[21,-30],[-2,-41],[12,-37],[-8,-56],[17,-45],[14,-21],[26,89],[-23,14],[17,37],[-7,43],[1,46],[8,48],[21,35],[22,-2],[17,20],[7,76],[11,6],[16,-22],[40,-17],[-4,-18],[19,-30],[8,-33],[-22,-55],[-3,-56],[15,-16],[22,6],[7,53],[19,19],[22,-10],[20,-29],[-1,-75],[13,-30],[20,10],[11,40],[-11,36],[7,28],[13,9],[28,-19],[15,-30],[2,-46],[-16,-17],[3,-45],[25,-21],[18,-48],[-13,-21],[7,-45],[16,-36],[-9,-38],[14,-36],[12,-9],[9,34],[21,4],[34,-40],[14,-48],[-4,-64],[9,-62],[-20,-50],[-17,8],[-5,22],[-16,-4],[-23,-59],[-23,-39],[-11,-59],[-6,-74],[1,-38],[13,-18],[-10,-54],[19,-13],[0,-48],[-9,-12],[-30,-1],[-14,14],[-22,-5],[-13,44],[-33,12],[-20,-33],[1,-17],[-21,-98],[-22,-55],[-13,-68],[-49,-103],[-23,-64],[-22,22],[-30,-24],[-74,-116],[-12,-29],[-37,-40],[-14,-2],[-56,-71],[-34,-16],[-32,-79],[-17,-55],[-21,1],[-20,-14],[-12,-22],[-38,-98],[-29,-34],[-25,7],[-30,99],[-21,39],[-52,83],[-26,30],[-31,0],[-39,16],[-32,38],[-31,21],[-32,44],[-36,30],[-33,9],[-14,38],[-6,58],[-43,44],[-8,34],[-17,32],[-33,17],[-9,39],[-19,25],[-11,-14],[-6,46],[-15,33],[-24,3],[-11,-22],[-30,30],[-26,44],[-22,100],[2,76],[21,80],[-8,51],[-17,25],[-22,16],[-8,44],[-24,34],[-7,24],[4,57],[-7,47],[-16,22],[11,82],[-21,55],[5,33],[-10,43],[3,51],[-20,-9],[-14,60],[13,33],[5,52],[16,3],[0,30],[-19,46],[-10,45],[-34,48],[-3,28],[8,77],[7,153],[22,-3],[17,12],[66,-128],[34,-99],[36,-72],[38,-41],[31,6],[10,43],[30,-45],[25,-17],[9,-47],[4,-51],[-10,-9],[-15,-50],[-24,5],[-3,-26],[-15,-36],[3,-68],[17,-37],[23,-8],[23,43],[21,-5],[32,42],[2,51],[17,41],[11,-52],[-8,-50],[7,-34],[0,-43]],[[47482,92507],[37,-55],[-14,-82],[-12,-36],[-6,-41],[-18,-50],[-30,0],[-20,26],[-31,-4],[-52,-32],[-16,3],[-61,45],[-17,-9],[-29,33],[-44,13],[-25,37],[-31,27],[-58,23],[-21,-21],[-67,-34],[-64,-45],[-39,-13],[-58,-38],[-29,-9],[-15,16],[-21,-13],[-26,19],[-27,-15],[-33,73],[-7,71],[17,53],[13,2],[22,-32],[13,9],[-8,36],[13,63],[0,90],[-3,32],[8,47],[22,-2],[23,-42],[17,-42],[10,-10],[43,-4],[32,72],[24,74],[17,3],[13,-54],[8,5],[38,-81],[7,18],[-7,73],[-17,11],[-12,60],[-55,6],[9,69],[6,87],[-10,43],[-27,37],[14,55],[9,2],[5,62],[32,16],[11,24],[8,-64],[33,-21],[10,-71],[7,11],[-13,75],[-32,25],[2,52],[-17,10],[-16,-37],[-19,5],[-19,70],[-18,4],[-23,-23],[-11,41],[30,42],[12,82],[73,80],[15,64],[16,34],[-7,54],[5,21],[18,13],[55,5],[48,63],[23,-59],[0,-25],[15,-97],[10,-43],[17,-22],[6,-28],[18,-31],[4,-72],[-36,-104],[4,-32],[-6,-34],[10,-39],[24,-55],[34,-18],[56,-89],[-6,-113],[7,-53],[-2,-36],[7,-57],[22,-8],[40,-49],[4,-13],[25,-11],[22,13],[20,-46],[36,-26],[6,-47],[30,-12]],[[50251,94216],[-8,-51],[18,-51],[20,25],[20,-8],[12,-34],[-20,-2],[-18,-46],[2,-51],[12,-11],[9,-183],[-13,-1],[-14,-38],[-11,-89],[-33,2],[-20,61],[-13,98],[-1,60],[-20,45],[-41,115],[-17,73],[-17,43],[24,11],[20,39],[5,33],[-4,38],[6,77],[-44,59],[-19,51],[-8,37],[5,23],[53,-77],[26,16],[6,27],[22,-2],[17,21],[10,29],[1,52],[-7,45],[17,57],[40,-5],[-22,-49],[-4,-37],[9,-66],[-1,-60],[18,-81],[-2,-34],[9,-48],[0,-43],[15,-25],[-18,-44],[-21,-1]],[[54430,91638],[5,93],[29,68],[13,81],[28,-49],[24,-15],[32,21],[33,100],[24,-19],[29,20],[26,-20],[34,54],[1,17],[33,16],[70,140],[2,39],[20,-4],[24,21],[9,21],[17,86],[4,35],[-17,3],[-11,22],[-3,31],[17,47],[20,-18],[22,16],[6,-33],[21,-9],[18,-90],[-26,-25],[-17,-41],[-2,-48],[-9,-31],[-14,-9],[-34,-44],[-36,-91],[-16,-75],[-43,-102],[-26,-33],[-42,11],[-14,-25],[-7,-63],[-45,-2],[-92,-44],[-18,-33],[-25,-9],[-16,-32],[-7,-39],[-12,6],[-13,-39],[-11,34],[-15,23],[10,37]],[[55746,93440],[4,47],[19,7],[34,75],[10,3],[13,40],[20,30],[18,55],[-6,21],[16,108],[51,146],[-3,38],[30,17],[12,58],[15,16],[12,-38],[21,11],[9,32],[19,42],[-6,49],[1,50],[21,32],[6,37],[-27,40],[8,14],[24,-21],[16,59],[-2,41],[-30,20],[10,38],[14,4],[12,26],[26,28],[12,-26],[-13,-34],[-14,-83],[3,-21],[-7,-50],[-14,-54],[1,-41],[-19,-54],[-3,-58],[-7,-21],[7,-52],[-12,-3],[-3,-35],[-19,-22],[-14,3],[-19,-25],[7,-65],[-11,-6],[-9,-49],[-20,1],[-3,-46],[-20,4],[-8,-14],[9,-37],[-13,-96],[-11,1],[-17,-49],[-5,-38],[-19,-71],[-35,-45],[0,-27],[-29,-66],[-10,-35],[-17,-4],[-1,39],[-31,-30],[-2,-43],[-21,1],[-7,25],[23,28],[9,49],[-5,24]],[[55488,92906],[-23,14],[-3,37],[23,15],[16,-36],[25,28],[9,43],[30,14],[5,-25],[-4,-39],[12,-12],[-18,-44],[-6,12],[-33,-33],[2,-30],[-30,-7],[-15,-34],[-20,-15],[-5,31],[-22,22],[-15,-12],[13,-29],[-7,-35],[-1,-41],[-35,-12],[-10,-13],[-9,42],[-50,-69],[-15,-36],[-29,-15],[1,37],[25,4],[2,16],[-17,50],[14,28],[19,3],[18,-26],[5,34],[21,6],[11,-12],[1,65],[16,11],[4,26],[-10,28],[17,22],[19,60],[7,-36],[18,-16],[-5,-23],[13,-22],[36,24]],[[55246,91614],[-18,28],[8,26],[17,-36],[14,-9],[20,25],[3,30],[68,-34],[4,22],[24,10],[41,57],[17,84],[10,-11],[24,7],[-1,-41],[16,-10],[-5,-38],[-51,-70],[-1,-13],[-50,-25],[-10,-21],[-25,-21],[-14,4],[-14,-20],[0,-35],[-25,-4],[-20,31],[-15,0],[-36,-22],[-15,46],[44,3],[-10,37]],[[51338,92792],[-10,40],[39,34],[20,26],[19,50],[42,-11],[13,-17],[36,-9],[11,-58],[-16,-7],[-33,5],[-16,-32],[-24,-17],[-9,28],[-18,-27],[-18,-13],[23,-63],[-17,-29],[-29,-30],[-15,48],[9,64],[-7,18]],[[55037,92565],[-19,1],[-29,29],[-11,24],[3,51],[48,62],[31,24],[23,31],[12,-23],[19,9],[10,-20],[-33,-73],[-3,-30],[-18,-19],[-20,-50],[-13,-16]],[[53542,91462],[-22,-100],[-18,-24],[-18,23],[-27,17],[3,18],[-10,98],[4,45],[-15,23],[-12,42],[11,17],[40,-63],[34,-9],[16,-26],[14,-61]],[[49900,91473],[5,35],[30,-5],[23,29],[34,-9],[19,-46],[0,-39],[10,-43],[-15,-52],[-15,-9],[-19,8],[-29,43],[-7,28],[-15,15],[-12,40],[-9,5]],[[55571,93003],[-8,37],[28,57],[-2,18],[42,19],[22,58],[21,12],[1,25],[35,55],[1,-51],[-14,-37],[6,-30],[-21,-65],[-21,-10],[-44,-43],[0,-22],[-46,-23]],[[51382,93201],[-2,17],[44,-5],[38,34],[8,26],[17,17],[12,-25],[9,-67],[14,-23],[3,-30],[-56,-4],[-19,30],[-21,-19],[-11,-43],[-26,13],[4,44],[-14,35]],[[47346,90098],[1,-54],[-12,-8],[-10,-46],[9,-24],[15,-111],[13,-17],[1,-25],[17,-39],[-4,-36],[6,-43],[-14,-3],[-15,38],[5,34],[-4,66],[-12,26],[-23,21],[-16,59],[10,83],[-14,36],[47,43]],[[53515,91646],[3,31],[24,2],[37,19],[22,-41],[16,-17],[-7,-24],[-20,-24],[-1,-38],[-30,9],[-6,37],[-38,46]],[[55772,92329],[6,30],[20,28],[13,-7],[33,3],[8,38],[20,0],[-4,35],[16,24],[24,-16],[3,35],[15,-13],[-15,-30],[-31,-30],[-11,-33],[6,-25],[-29,-26],[-29,1],[-38,-27],[-7,13]],[[55707,92180],[-1,61],[10,6],[8,77],[22,-33],[-3,-48],[-21,-44],[8,-127],[-7,-31],[-16,-20],[-7,20],[0,55],[-6,34],[14,20],[-1,30]],[[53721,91876],[-14,42],[9,55],[24,-2],[18,17],[54,-29],[-3,-23],[-18,-25],[-21,5],[-15,-25],[-34,-15]],[[48087,91471],[27,-31],[9,-38],[-17,-25],[-40,-9],[-28,19],[-11,19],[18,22],[11,28],[31,15]],[[49584,92866],[14,42],[-5,67],[9,27],[16,-14],[8,-73],[12,-28],[-9,-39],[-15,-30],[-28,16],[-2,32]],[[56168,91400],[-1,85],[18,31],[20,17],[-3,-139],[8,-41],[-17,-16],[-17,23],[-8,40]],[[48069,91575],[-43,19],[30,44],[39,17],[17,-10],[-8,-46],[-35,-24]],[[50697,94219],[15,3],[0,-48],[-18,-3],[-29,-30],[-13,43],[-20,17],[4,23],[28,-16],[24,19],[9,-8]],[[55624,92145],[11,-38],[12,9],[8,-27],[-1,-39],[-37,-21],[-35,-4],[25,36],[17,84]],[[55257,91238],[9,-48],[-7,-12],[-31,0],[-27,-11],[-7,27],[20,60],[17,-24],[13,23],[13,-15]],[[48119,91535],[-5,17],[47,39],[37,-9],[-2,-42],[-24,-15],[-28,-1],[-25,11]],[[54961,92468],[16,16],[7,33],[19,-10],[-1,-54],[-9,-17],[-27,-17],[-5,49]],[[53432,91706],[22,-40],[-17,-33],[-35,26],[1,41],[13,21],[16,-15]],[[48136,91696],[9,11],[57,33],[8,-46],[-23,-18],[-17,-1],[-34,21]],[[54972,92018],[5,80],[38,55],[-2,-36],[-17,-40],[-13,-54],[-11,-5]],[[49849,92918],[-5,18],[11,68],[26,-35],[3,-17],[-8,-49],[-27,15]],[[47152,89889],[-16,-4],[-4,54],[16,21],[22,-15],[5,-32],[-12,-26],[-11,2]],[[55265,92616],[-19,-63],[-15,-17],[-8,42],[22,39],[6,40],[14,-41]],[[55085,91310],[1,150],[12,13],[11,-28],[-7,-17],[3,-57],[-20,-61]],[[47194,90059],[1,45],[23,3],[10,-40],[-22,-35],[-12,27]],[[50342,94042],[3,31],[24,27],[16,-27],[-18,-18],[-10,-34],[-15,21]],[[53379,91672],[1,-52],[-22,26],[-1,37],[11,18],[11,-29]],[[53631,91466],[-22,77],[25,-5],[9,-21],[1,-46],[-13,-5]],[[49928,91290],[6,-50],[-2,-30],[-18,1],[-2,34],[8,42],[8,3]],[[47172,90016],[-4,30],[13,18],[12,-9],[7,-42],[-17,-10],[-11,13]],[[55661,91990],[12,32],[18,3],[-6,-44],[-24,9]],[[55110,90869],[2,37],[14,-7],[-2,-38],[-14,8]],[[52479,91416],[-10,34],[11,33],[18,-17],[-19,-50]],[[55151,92405],[17,66],[8,-16],[-15,-54],[-10,4]],[[53564,91510],[11,24],[11,-36],[-15,-20],[-7,32]],[[56198,92702],[22,30],[2,-36],[-20,-12],[-4,18]],[[50522,93511],[3,41],[22,-38],[-25,-3]],[[55197,93006],[10,53],[12,-1],[-11,-61],[-11,9]],[[55157,92886],[-2,52],[19,3],[-8,-49],[-9,-6]],[[47186,89985],[-3,-20],[-20,12],[11,26],[12,-18]],[[55115,92356],[-14,-54],[-7,7],[14,62],[7,-15]],[[49355,93251],[7,17],[15,-26],[-14,-15],[-8,24]],[[75702,24908],[22,-30],[40,-7],[13,35],[12,-22],[-5,-91],[-30,-49],[-22,11],[-37,-70],[-1,50],[-9,38],[-24,16],[-38,1],[-36,-16],[-36,-42]],[[12437,96283],[7,44],[16,-7],[19,12],[14,-89],[-6,-52],[10,-17],[-24,-22],[-11,-39],[-19,-39],[5,-47],[-12,-46],[-4,-99],[-25,-6],[-10,16],[-16,132],[-18,17],[-37,5],[-19,22],[-33,-4],[-9,-23],[-19,12],[24,47],[10,59],[-14,56],[6,32],[18,-37],[26,-24],[29,-12],[43,24],[25,32],[24,53]],[[99910,42450],[-13,7],[-8,49],[6,67],[12,27],[20,-2],[25,-24],[13,-32],[28,-16],[6,-26],[-13,-52],[-26,-8],[-5,-15],[-45,25]]],"transform":{"scale":[0.0007118053143729722,0.00034597028049680235],"translate":[96.81703561945476,-43.74036459180864]},"objects":{"STE_2021_AUST_GDA2020":{"type":"GeometryCollection","geometries":[{"arcs":[[[0]],[[1,2,3,4,5,6],[7]]],"type":"MultiPolygon","properties":{"STE_CODE21":"1","STE_NAME21":"New South Wales","CHG_FLAG21":"0","CHG_LBL21":"No change","AUS_CODE21":"AUS","AUS_NAME21":"Australia","AREASQKM21":800797.6591,"LOCI_URI21":"http://linked.data.gov.au/dataset/asgsed3/STE/1"}},{"arcs":[[[8,-4,9]],[[10]],[[11]],[[12]],[[13]],[[14]],[[15]],[[16]]],"type":"MultiPolygon","properties":{"STE_CODE21":"2","STE_NAME21":"Victoria","CHG_FLAG21":"0","CHG_LBL21":"No change","AUS_CODE21":"AUS","AUS_NAME21":"Australia","AREASQKM21":227496.2479,"LOCI_URI21":"http://linked.data.gov.au/dataset/asgsed3/STE/2"}},{"arcs":[[[17,-6,18,19,20]],[[21]],[[22]],[[23]],[[24]],[[25]],[[26]],[[27]],[[28]],[[29]],[[30]],[[31]],[[32]],[[33]],[[34]],[[35]],[[36]],[[37]],[[38]],[[39]],[[40]],[[41]],[[42]],[[43]],[[44]],[[45]],[[46]],[[47]],[[48]],[[49]],[[50]],[[51]],[[52]],[[53]],[[54]],[[55]],[[56]],[[57]],[[58]],[[59]],[[60]],[[61]],[[62]],[[63]],[[64]],[[65]],[[66]],[[67]],[[68]],[[69]],[[70]],[[71]],[[72]],[[73]],[[74]],[[75]],[[76]],[[77]],[[78]],[[79]],[[80]],[[81]],[[82]],[[83]],[[84]],[[85]],[[86]],[[87]],[[88]],[[89]],[[90]],[[91]],[[92]],[[93]],[[94]],[[95]],[[96]],[[97]],[[98]],[[99]],[[100]],[[101]],[[102]],[[103]],[[104]],[[105]],[[106]],[[107]],[[108]],[[109]],[[110]],[[111]],[[112]],[[113]],[[114]],[[115]],[[116]],[[117]],[[118]],[[119]],[[120]],[[121]],[[122]],[[123]],[[124]],[[125]],[[126]],[[127]]],"type":"MultiPolygon","properties":{"STE_CODE21":"3","STE_NAME21":"Queensland","CHG_FLAG21":"0","CHG_LBL21":"No change","AUS_CODE21":"AUS","AUS_NAME21":"Australia","AREASQKM21":1730171.2208,"LOCI_URI21":"http://linked.data.gov.au/dataset/asgsed3/STE/3"}},{"arcs":[[[128,129,-19,-5,-9,130]],[[131]],[[132]],[[133]],[[134]],[[135]],[[136]],[[137]],[[138]],[[139]],[[140]],[[141]],[[142]],[[143]]],"type":"MultiPolygon","properties":{"STE_CODE21":"4","STE_NAME21":"South Australia","CHG_FLAG21":"0","CHG_LBL21":"No change","AUS_CODE21":"AUS","AUS_NAME21":"Australia","AREASQKM21":984231.4202,"LOCI_URI21":"http://linked.data.gov.au/dataset/asgsed3/STE/4"}},{"arcs":[[[144,-129,145]],[[146]],[[147]],[[148]],[[149]],[[150]],[[151]],[[152]],[[153]],[[154]],[[155]],[[156]],[[157]],[[158]],[[159]],[[160]],[[161]],[[162]],[[163]],[[164]],[[165]],[[166]],[[167]],[[168]],[[169]],[[170]],[[171]],[[172]],[[173]],[[174]],[[175]],[[176]],[[177]],[[178]],[[179]],[[180]],[[181]],[[182]],[[183]],[[184]],[[185]],[[186]],[[187]],[[188]],[[189]],[[190]],[[191]],[[192]],[[193]],[[194]],[[195]],[[196]],[[197]],[[198]],[[199]],[[200]],[[201]],[[202]],[[203]],[[204]],[[205]],[[206]],[[207]],[[208]],[[209]],[[210]],[[211]],[[212]],[[213]],[[214]],[[215]],[[216]],[[217]],[[218]],[[219]],[[220]],[[221]],[[222]],[[223]],[[224]],[[225]],[[226]],[[227]],[[228]],[[229]],[[230]],[[231]],[[232]],[[233]],[[234]],[[235]],[[236]],[[237]],[[238]],[[239]],[[240]],[[241]],[[242]],[[243]],[[244]],[[245]],[[246]],[[247]],[[248]],[[249]],[[250]],[[251]],[[252]],[[253]],[[254]],[[255]],[[256]],[[257]],[[258]],[[259]],[[260]],[[261]],[[262]],[[263]],[[264]],[[265]],[[266]],[[267]],[[268]],[[269]],[[270]],[[271]],[[272]],[[273]],[[274]],[[275]],[[276]],[[277]],[[278]],[[279]],[[280]],[[281]],[[282]]],"type":"MultiPolygon","properties":{"STE_CODE21":"5","STE_NAME21":"Western Australia","CHG_FLAG21":"0","CHG_LBL21":"No change","AUS_CODE21":"AUS","AUS_NAME21":"Australia","AREASQKM21":2526632.4825,"LOCI_URI21":"http://linked.data.gov.au/dataset/asgsed3/STE/5"}},{"arcs":[[[283]],[[284]],[[285]],[[286]],[[287]],[[288]],[[289]],[[290]],[[291]],[[292]],[[293]],[[294]],[[295]],[[296]],[[297]],[[298]],[[299]],[[300]],[[301]],[[302]],[[303]],[[304]],[[305]],[[306]],[[307]],[[308]]],"type":"MultiPolygon","properties":{"STE_CODE21":"6","STE_NAME21":"Tasmania","CHG_FLAG21":"0","CHG_LBL21":"No change","AUS_CODE21":"AUS","AUS_NAME21":"Australia","AREASQKM21":68017.5393,"LOCI_URI21":"http://linked.data.gov.au/dataset/asgsed3/STE/6"}},{"arcs":[[[-20,-130,-145,309]],[[310]],[[311]],[[312]],[[313]],[[314]],[[315]],[[316]],[[317]],[[318]],[[319]],[[320]],[[321]],[[322]],[[323]],[[324]],[[325]],[[326]],[[327]],[[328]],[[329]],[[330]],[[331]],[[332]],[[333]],[[334]],[[335]],[[336]],[[337]],[[338]],[[339]],[[340]],[[341]],[[342]],[[343]],[[344]],[[345]],[[346]],[[347]],[[348]],[[349]],[[350]],[[351]],[[352]],[[353]],[[354]],[[355]],[[356]],[[357]],[[358]],[[359]],[[360]],[[361]],[[362]],[[363]],[[364]],[[365]],[[366]],[[367]],[[368]],[[369]],[[370]],[[371]],[[372]],[[373]],[[374]],[[375]],[[376]],[[377]],[[378]],[[379]],[[380]],[[381]],[[382]],[[383]],[[384]],[[385]],[[386]],[[387]],[[388]],[[389]],[[390]]],"type":"MultiPolygon","properties":{"STE_CODE21":"7","STE_NAME21":"Northern Territory","CHG_FLAG21":"0","CHG_LBL21":"No change","AUS_CODE21":"AUS","AUS_NAME21":"Australia","AREASQKM21":1348134.4931,"LOCI_URI21":"http://linked.data.gov.au/dataset/asgsed3/STE/7"}},{"arcs":[[-8]],"type":"Polygon","properties":{"STE_CODE21":"8","STE_NAME21":"Australian Capital Territory","CHG_FLAG21":"0","CHG_LBL21":"No change","AUS_CODE21":"AUS","AUS_NAME21":"Australia","AREASQKM21":2358.133,"LOCI_URI21":"http://linked.data.gov.au/dataset/asgsed3/STE/8"}},{"arcs":[[[391,-2]],[[392]],[[393]]],"type":"MultiPolygon","properties":{"STE_CODE21":"9","STE_NAME21":"Other Territories","CHG_FLAG21":"0","CHG_LBL21":"No change","AUS_CODE21":"AUS","AUS_NAME21":"Australia","AREASQKM21":255.742,"LOCI_URI21":"http://linked.data.gov.au/dataset/asgsed3/STE/9"}},{"type":null,"properties":{"STE_CODE21":"Z","STE_NAME21":"Outside Australia","CHG_FLAG21":"1","CHG_LBL21":"New","AUS_CODE21":"ZZZ","AUS_NAME21":"Outside Australia","AREASQKM21":null,"LOCI_URI21":"http://linked.data.gov.au/dataset/asgsed3/STE/Z"}}]}}}